id_a,id_b,sim,is_mutual,rank_pos,local_thr,rerank_score,kept_by_rerank
DF0009_00025_01,DF0865_00041_01,0.923349142074585,False,0,0.48486757278442383,0.9594906188705219,True
DF0009_00025_01,DF0865_00042_01,0.5843982696533203,False,4,0.48486757278442383,0.671503639629662,True
DF0009_00025_01,DF0865_00046_01,0.5118194222450256,False,22,0.48486757278442383,0.7193275010198336,True
DF0298_00014_01,DF0542_00016_01,0.8724327683448792,False,0,0.6197682023048401,0.6696225815274323,True
DF0298_00014_01,DF1759_00064_01,0.653464674949646,False,10,0.6197682023048401,0.809301070201781,True
DF0298_00014_01,DF0298_00015_01,0.6484761834144592,False,12,0.6197682023048401,0.9365228162015541,True
DF0298_00015_01,DF1759_00056_01,0.9768946170806885,False,0,0.8631967306137085,0.7597423798923143,True
DF0298_00015_01,DF1759_00059_02,0.9188967943191528,False,2,0.8631967306137085,0.8276608907142934,True
DF0298_00015_01,DF0298_00017_01,0.9081449508666992,False,4,0.8631967306137085,0.6412264927854818,True
DF0298_00015_01,DF1759_00075_01,0.9016417860984802,False,5,0.8631967306137085,0.7235420669497233,True
DF0298_00015_01,DF1759_00059_01,0.8997859954833984,False,6,0.8631967306137085,0.7492273739375586,True
DF0298_00015_01,DF1759_00077_01,0.8902320265769958,False,8,0.8631967306137085,0.7214414648654934,True
DF0298_00015_01,DF1759_00064_01,0.8868895769119263,False,10,0.8631967306137085,0.7315849186049133,True
DF0298_00015_01,DF1759_00075_03,0.8760143518447876,False,11,0.8631967306137085,0.5545997223493823,True
DF0298_00017_01,DF0542_00019_01,0.9514845609664917,False,0,0.8347691893577576,0.5725896283921633,True
DF0298_00017_01,DF1759_00064_02,0.8944904804229736,False,4,0.8347691893577576,0.7167255555478241,True
DF0298_00017_01,DF1759_00059_02,0.888545036315918,False,5,0.8347691893577576,0.6115701245047473,True
DF0298_00017_01,DF1759_00064_03,0.8843345642089844,False,6,0.8347691893577576,0.6360220444358229,True
DF0298_00017_01,DF1759_00061_01,0.8673042058944702,False,7,0.8347691893577576,0.6709670742068736,True
DF0298_00017_01,DF1759_00059_01,0.8561475276947021,False,9,0.8347691893577576,0.6964387622305553,True
DF0298_00017_01,DF1759_00075_01,0.8376225233078003,False,16,0.8347691893577576,0.5596505448504643,True
DF0298_00019_01,DF1898_00037_01,0.8697043061256409,False,0,0.5305193066596985,0.9193731243303342,True
DF0298_00019_01,DF1322_00015_01,0.8366214036941528,False,1,0.5305193066596985,0.8796058996789221,True
DF0298_00019_01,DF1898_00038_01,0.660122275352478,False,7,0.5305193066596985,0.5784673873604582,True
DF0298_00022_01,DF0298_00020_01,0.855055034160614,False,2,0.7807254195213318,0.606347592713803,True
DF0298_00024_01,DF0298_00025_01,0.5732001662254333,False,3,0.4554106295108795,0.9099689367995354,True
DF0298_00024_01,DF0298_00027_01,0.49161744117736816,False,10,0.4554106295108795,0.8570770163866833,True
DF0298_00029_01,DF0298_00036_01,0.6677431464195251,False,10,0.6221585869789124,0.8800471205256742,True
DF0298_00029_01,DF0298_00030_01,0.6350300312042236,False,14,0.6221585869789124,0.8169111934490169,True
DF0298_00038_01,DF0298_00039_01,0.6053314208984375,False,10,0.5543041229248047,0.9140750568675134,True
DF0403_00012_02,DF0459_00015_01,0.842438817024231,False,0,0.6233055591583252,0.622156384428855,True
DF0403_00012_02,DF0542_00016_01,0.8327531218528748,False,1,0.6233055591583252,0.5804134260170082,True
DF0403_00012_02,DF1759_00054_01,0.7396184206008911,False,4,0.6233055591583252,0.6298762239107831,True
DF0403_00012_02,DF0459_00016_01,0.7061986923217773,False,6,0.6233055591583252,0.7286209080627815,True
DF0403_00012_02,DF1759_00059_01,0.6605498194694519,False,9,0.6233055591583252,0.5603208728778052,True
DF0403_00012_02,DF1759_00059_02,0.6466267108917236,False,10,0.6233055591583252,0.6386315716703941,True
DF0403_00012_02,DF1759_00056_01,0.6414511203765869,False,13,0.6233055591583252,0.586532296769768,True
DF0403_00038_01,DF2583_00044_01,0.7296643257141113,False,0,0.5915557146072388,0.6469408073741678,True
DF0459_00010_01,DF1759_00083_01,0.8757106065750122,False,0,0.6606405377388,0.8636712514688601,True
DF0459_00010_01,DF1759_00085_01,0.7227636575698853,False,4,0.6606405377388,0.9370012393951132,True
DF0459_00010_01,DF1759_00089_01,0.71720290184021,False,5,0.6606405377388,0.9021027565663527,True
DF0459_00010_01,DF0459_00013_01,0.7114330530166626,False,6,0.6606405377388,0.855775589174139,True
DF0459_00010_01,DF1759_00091_01,0.6812570095062256,False,12,0.6606405377388,0.7854993482144509,True
DF0459_00010_01,DF0459_00011_01,0.6756265163421631,False,15,0.6606405377388,0.9316703689840613,True
DF0459_00010_01,DF1759_00087_01,0.6739972233772278,False,19,0.6606405377388,0.8573359977701661,True
DF0459_00011_01,DF1759_00089_01,0.9561643600463867,False,1,0.858587920665741,0.8251841650174334,True
DF0459_00011_01,DF1759_00087_01,0.868516206741333,False,14,0.858587920665741,0.5976305635214401,True
DF0459_00015_01,DF0403_00012_02,0.842438817024231,False,0,0.6460906267166138,0.7164880190791617,True
DF0459_00015_01,DF0459_00016_01,0.7055144906044006,False,3,0.6460906267166138,0.9006376906181855,True
DF0459_00015_01,DF0542_00017_01,0.7035484313964844,False,4,0.6460906267166138,0.7543229291139905,True
DF0459_00015_01,DF0542_00021_01,0.683901846408844,False,6,0.6460906267166138,0.7228433480698131,True
DF0459_00015_01,DF0459_00020_01,0.6771827936172485,False,10,0.6460906267166138,0.9109711395530301,True
DF0459_00015_01,DF0459_00018_01,0.6638655662536621,False,16,0.6460906267166138,0.86192414365042,True
DF0459_00015_01,DF1759_00059_02,0.6591342687606812,False,20,0.6460906267166138,0.7431684053321759,True
DF0459_00016_01,DF1759_00077_01,0.9049420356750488,False,4,0.8591133952140808,0.5676460760845942,True
DF0459_00016_01,DF1759_00059_02,0.8888581991195679,False,5,0.8591133952140808,0.5960588454129025,True
DF0459_00022_01,DF0542_00023_01,0.831434428691864,False,0,0.5710169076919556,0.596688082313054,True
DF0459_00022_01,DF0459_00027_01,0.761113166809082,False,1,0.5710169076919556,0.7728408166176522,True
DF0459_00022_01,DF0459_00023_01,0.6663298606872559,False,3,0.5710169076919556,0.8499185509230057,True
DF0459_00022_01,DF0459_00025_01,0.6399219632148743,False,6,0.5710169076919556,0.8581103445144763,True
DF0459_00022_01,DF0459_00029_01,0.605588972568512,False,12,0.5710169076919556,0.9051482536448665,True
DF0459_00027_01,DF1898_00040_01,0.868848443031311,False,0,0.7221887111663818,0.850189457290451,True
DF0459_00027_01,DF1759_00120_01,0.8242241144180298,False,2,0.7221887111663818,0.7242393062879753,True
DF0459_00027_01,DF0459_00022_01,0.761113166809082,False,7,0.7221887111663818,0.7378760637381266,True
DF0459_00031_01,DF0459_00032_01,0.7040489912033081,False,2,0.6094958782196045,0.9368819616588521,True
DF0459_00031_01,DF0459_00038_01,0.6951380372047424,False,5,0.6094958782196045,0.9380649694745049,True
DF0459_00031_01,DF0459_00034_01,0.6700460910797119,False,7,0.6094958782196045,0.9184614675112237,True
DF0459_00032_01,DF0298_00034_01,0.8769798278808594,False,3,0.8355916142463684,0.6622860957166337,True
DF0459_00036_01,DF1898_00046_01,0.9146623015403748,False,1,0.8078420162200928,0.5583076895319004,True
DF0459_00038_01,DF0542_00033_01,0.9358769655227661,False,0,0.7983399033546448,0.5623274575319019,True
DF0459_00038_01,DF0459_00032_01,0.899125874042511,False,1,0.7983399033546448,0.5692985140426654,True
DF0459_00038_01,DF1759_00141_01,0.8644219636917114,False,3,0.7983399033546448,0.5626612466321959,True
DF0542_00009_01,DF1898_00029_01,1.0,False,0,0.5577117204666138,0.9641653104650574,True
DF0542_00009_01,DF0542_00010_01,0.7314291000366211,False,2,0.5577117204666138,0.8860672357115822,True
DF0542_00009_01,DF0542_00014_01,0.7143272161483765,False,3,0.5577117204666138,0.852607460587903,True
DF0542_00009_01,DF1898_00030_01,0.69038987159729,False,5,0.5577117204666138,0.9237867623750319,True
DF0542_00009_01,DF0542_00012_01,0.6088371276855469,False,13,0.5577117204666138,0.8653978508301998,True
DF0542_00009_01,DF1898_00032_01,0.5847550630569458,False,15,0.5577117204666138,0.8631741792955836,True
DF0542_00009_01,DF2583_00025_01,0.5821532011032104,False,16,0.5577117204666138,0.6741759250941762,True
DF0542_00009_01,DF1898_00034_01,0.5608252882957458,False,25,0.5577117204666138,0.8791631602077129,True
DF0542_00010_01,DF1898_00030_01,0.9731147885322571,False,0,0.7860351800918579,0.957910868412078,True
DF0542_00010_01,DF0542_00012_01,0.8308603763580322,False,8,0.7860351800918579,0.57226134272957,True
DF0542_00016_01,DF0298_00014_01,0.8724327683448792,False,0,0.6114068031311035,0.7809696865770717,True
DF0542_00016_01,DF0542_00017_01,0.7244654297828674,False,4,0.6114068031311035,0.8933906347074607,True
DF0542_00016_01,DF0542_00019_01,0.6980757713317871,False,5,0.6114068031311035,0.8649066177207417,True
DF0542_00016_01,DF0542_00021_01,0.6904808878898621,False,6,0.6114068031311035,0.8826628032311927,True
DF0542_00016_01,DF0459_00016_01,0.6791599988937378,False,8,0.6114068031311035,0.5842856829428243,True
DF0542_00016_01,DF1759_00059_02,0.6399811506271362,False,13,0.6114068031311035,0.766874523623814,True
DF0542_00016_01,DF0298_00015_01,0.6329954862594604,False,15,0.6114068031311035,0.6167399008530073,True
DF0542_00017_01,DF0298_00015_01,0.9496265053749084,False,0,0.8194241523742676,0.5852496183281637,True
DF0542_00017_01,DF0542_00021_01,0.9210261702537537,False,2,0.8194241523742676,0.8644137221536221,True
DF0542_00017_01,DF0542_00019_01,0.9127666354179382,False,3,0.8194241523742676,0.6752399266665783,True
DF0542_00017_01,DF1759_00059_02,0.9125887751579285,False,4,0.8194241523742676,0.7903132719394911,True
DF0542_00017_01,DF1759_00059_01,0.8933699131011963,False,6,0.8194241523742676,0.6633811175853009,True
DF0542_00017_01,DF1759_00077_01,0.8535352945327759,False,8,0.8194241523742676,0.6844307198036685,True
DF0542_00017_01,DF1759_00064_01,0.8508110046386719,False,10,0.8194241523742676,0.6060387402633728,True
DF0542_00017_01,DF1759_00075_01,0.836340069770813,False,12,0.8194241523742676,0.5932182077614035,True
DF0542_00019_01,DF0298_00017_01,0.9514845609664917,False,0,0.7991027235984802,0.6898430567868128,True
DF0542_00019_01,DF1759_00059_02,0.8790038824081421,False,4,0.7991027235984802,0.6097329064099574,True
DF0542_00019_01,DF1759_00059_01,0.852723240852356,False,6,0.7991027235984802,0.5616593292898397,True
DF0542_00019_01,DF1759_00064_02,0.8399338126182556,False,9,0.7991027235984802,0.6677328931663947,True
DF0542_00019_01,DF1759_00064_03,0.8348422050476074,False,11,0.7991027235984802,0.6051110857903865,True
DF0542_00021_01,DF1759_00059_02,0.860770583152771,False,3,0.7933664917945862,0.5909985570954301,True
DF0542_00023_01,DF0459_00022_01,0.831434428691864,False,0,0.609348475933075,0.9332003561333688,True
DF0542_00023_01,DF1898_00037_01,0.8247287273406982,False,1,0.609348475933075,0.9151923427363066,True
DF0542_00023_01,DF0542_00026_01,0.6581214666366577,False,8,0.609348475933075,0.8791631602077129,True
DF0542_00023_01,DF1898_00040_01,0.6508841514587402,False,9,0.609348475933075,0.6118756884985314,True
DF0542_00023_01,DF1898_00038_01,0.6474478244781494,False,12,0.609348475933075,0.5804134260170082,True
DF0542_00023_01,DF0459_00023_01,0.6466929912567139,False,13,0.609348475933075,0.6206577208135334,True
DF0542_00023_01,DF0542_00024_01,0.6171701550483704,False,15,0.609348475933075,0.8415793517819513,True
DF0542_00028_01,DF0542_00028_01,1.0,False,0,0.5075294971466064,0.9640275800758169,True
DF0542_00028_01,DF0542_00035_01,0.7118762135505676,False,1,0.5075294971466064,0.9271496947187489,True
DF0542_00028_01,DF1898_00050_01,0.6748970746994019,False,3,0.5075294971466064,0.8767007480900508,True
DF0542_00028_01,DF0542_00033_01,0.6533701419830322,False,4,0.5075294971466064,0.8629250139360195,True
DF0542_00028_01,DF0542_00029_01,0.5839529633522034,False,7,0.5075294971466064,0.8591367684019509,True
DF0542_00028_01,DF0542_00031_01,0.5636122226715088,False,12,0.5075294971466064,0.8136365790772591,True
DF0542_00028_01,DF1898_00048_01,0.5478469729423523,False,14,0.5075294971466064,0.8325191895087732,True
DF0542_00029_01,DF0865_00053_01,0.871903121471405,False,1,0.7395159006118774,0.5988846405104074,True
DF0542_00035_01,DF0542_00028_01,0.7118762135505676,False,5,0.6797543168067932,0.9306316552544662,True
DF0542_00035_01,DF1898_00045_01,0.7118762135505676,False,6,0.6797543168067932,0.9306316552544662,True
DF0865_00024_01,DF0865_00025_01,0.598223090171814,False,1,0.46371200680732727,0.9380649694745049,True
DF0865_00024_01,DF0865_00027_01,0.46629273891448975,False,25,0.46371200680732727,0.8310144920499815,True
DF0865_00029_01,DF0865_00034_01,0.6256014108657837,False,3,0.553481936454773,0.9021027565663527,True
DF0865_00029_01,DF0865_00030_01,0.6198291182518005,False,4,0.553481936454773,0.9106382594546997,True
DF0865_00029_01,DF0865_00032_01,0.5791231989860535,False,9,0.553481936454773,0.922049858921577,True
DF0865_00030_01,DF1759_00087_01,0.8930518627166748,False,0,0.8018803596496582,0.5765147415103876,True
DF0865_00030_01,DF0865_00034_01,0.8514806628227234,False,2,0.8018803596496582,0.6890745318698333,True
DF0865_00034_01,DF0865_00030_01,0.8514806628227234,False,2,0.7937238812446594,0.6348575603764549,True
DF0865_00036_01,DF0865_00037_01,0.7379357218742371,False,3,0.5732511878013611,0.9006376906181855,True
DF0865_00036_01,DF0865_00039_01,0.6934589147567749,False,6,0.5732511878013611,0.824247123776262,True
DF0865_00039_01,DF1898_00042_01,0.8742343783378601,False,1,0.8161641359329224,0.5545997223493823,True
DF0865_00041_01,DF0009_00025_01,0.923349142074585,False,0,0.47614872455596924,0.9616051016048396,True
DF0865_00041_01,DF0865_00044_01,0.6006132960319519,False,2,0.47614872455596924,0.7481544703297354,True
DF0865_00041_01,DF0865_00042_01,0.5833790302276611,False,4,0.47614872455596924,0.7802066362429887,True
DF0865_00041_01,DF0865_00046_01,0.49379175901412964,False,24,0.47614872455596924,0.8850134423992283,True
DF0865_00048_01,DF0865_00051_01,0.5850661993026733,False,1,0.5128903388977051,0.7318117826184164,True
DF0865_00048_01,DF0865_00049_01,0.5826067924499512,False,2,0.5128903388977051,0.8175598765802418,True
DF0865_00048_01,DF0865_00053_01,0.5737480521202087,False,4,0.5128903388977051,0.7978881730638175,True
DF0865_00055_01,DF0865_00056_01,0.7647542953491211,False,0,0.5597628951072693,0.8687903250818614,True
DF0865_00055_01,DF0865_00058_01,0.7531424760818481,False,1,0.5597628951072693,0.9065500827478152,True
DF0865_00055_01,DF1759_00175_01,0.750357985496521,False,2,0.5597628951072693,0.8771519198906595,True
DF0865_00055_01,DF0865_00060_01,0.7352688908576965,False,3,0.5597628951072693,0.8010595722357858,True
DF0865_00056_01,DF0865_00060_01,0.8591189980506897,False,0,0.7378015518188477,0.5732456491667901,True
DF0865_00056_01,DF0865_00055_01,0.7647542953491211,False,9,0.7378015518188477,0.7978881730638175,True
DF0865_00058_01,DF1759_00175_01,0.9072036147117615,False,0,0.7674922943115234,0.586532296769768,True
DF0865_00060_01,DF0865_00056_01,0.8591189980506897,False,1,0.8045304417610168,0.7828671543286876,True
DF0865_00062_01,DF0865_00065_01,0.6042754054069519,False,1,0.4483518898487091,0.8055623144756764,True
DF0865_00062_01,DF0865_00063_01,0.5959376692771912,False,2,0.4483518898487091,0.8285814414384387,True
DF0865_00062_01,DF0865_00067_01,0.48145437240600586,False,10,0.4483518898487091,0.8621749937238583,True
DF0865_00063_01,DF0865_00065_01,0.9407972097396851,False,0,0.7991917133331299,0.7349708911191131,True
DF0865_00063_01,DF0865_00067_01,0.9066500663757324,False,1,0.7991917133331299,0.856557751347525,True
DF0865_00067_01,DF0865_00063_01,0.9066500663757324,False,0,0.7722185254096985,0.7367619032884597,True
DF0865_00069_01,DF0865_00072_01,0.6357579231262207,False,1,0.5233657360076904,0.9368819616588521,True
DF0865_00069_01,DF0865_00070_02,0.632637083530426,False,2,0.5233657360076904,0.8929957016093546,True
DF0865_00069_01,DF0865_00070_01,0.6146590113639832,False,4,0.5233657360076904,0.8937841919676647,True
DF0865_00069_01,DF0865_00072_02,0.6000979542732239,False,5,0.5233657360076904,0.5593151059141186,True
DF0865_00069_01,DF0865_00072_03,0.5415632724761963,False,12,0.5233657360076904,0.7720530717725652,True
DF0865_00070_01,DF0865_00072_02,0.8530389666557312,False,0,0.7465687394142151,0.6435208459007661,True
DF0865_00072_02,DF0865_00072_03,0.8382071256637573,False,2,0.7967622876167297,0.585891324497175,True
DF1176_00023_01,DF1176_00024_01,0.643502414226532,False,12,0.629673421382904,0.9303696075561897,True
DF1176_00024_01,DF1176_00026_01,0.8529557585716248,False,2,0.8160611391067505,0.7839986935925497,True
DF1176_00026_01,DF1176_00024_01,0.8529557585716248,False,0,0.7890397310256958,0.7197984278190351,True
DF1176_00028_01,DF1185_00113_01,0.8570047616958618,False,0,0.6975810527801514,0.8636712514688601,True
DF1176_00028_01,DF1176_00029_01,0.7565333247184753,False,3,0.6975810527801514,0.9344500322000872,True
DF1176_00028_01,DF1185_00115_01,0.7362650632858276,False,5,0.6975810527801514,0.6564906332978895,True
DF1176_00028_01,DF1176_00031_01,0.7352259755134583,False,6,0.6975810527801514,0.9230676159633514,True
DF1176_00028_01,DF1185_00129_01,0.7187830209732056,False,11,0.6975810527801514,0.6248425253903521,True
DF1176_00028_01,DF1185_00120_01,0.706089437007904,False,17,0.6975810527801514,0.553245876433114,True
DF1176_00029_01,DF1176_00031_01,0.9352420568466187,False,0,0.8000488877296448,0.8782731075502161,True
DF1176_00029_01,DF2583_00041_01,0.8515213131904602,False,5,0.8000488877296448,0.7866188121086976,True
DF1176_00029_01,DF2583_00044_01,0.8101738095283508,False,15,0.8000488877296448,0.6016956007932636,True
DF1176_00029_01,DF2583_00046_01,0.8026851415634155,False,26,0.8000488877296448,0.5758623912857893,True
DF1176_00031_01,DF1176_00029_01,0.9352420568466187,False,1,0.7879274487495422,0.7873622604484849,True
DF1176_00031_01,DF2583_00041_01,0.8700842261314392,False,5,0.7879274487495422,0.8298019099859595,True
DF1176_00031_01,DF1185_00115_01,0.8532201647758484,False,6,0.7879274487495422,0.5559506384641584,True
DF1176_00031_01,DF2583_00044_01,0.8381490111351013,False,8,0.7879274487495422,0.8236199103984744,True
DF1176_00031_01,DF2583_00046_01,0.831942081451416,False,9,0.7879274487495422,0.7628218068473439,True
DF1176_00031_01,DF1185_00125_01,0.7937166690826416,False,15,0.7879274487495422,0.7322650244929643,True
DF1176_00033_01,DF1176_00043_01,0.8641135692596436,False,0,0.6797865033149719,0.7174371679985984,True
DF1176_00033_01,DF1176_00036_01,0.7232376933097839,False,6,0.6797865033149719,0.8778257854245869,True
DF1176_00033_01,DF0298_00034_01,0.7213153839111328,False,8,0.6797865033149719,0.6971923479573965,True
DF1176_00033_01,DF1176_00034_01,0.6915539503097534,False,15,0.6797865033149719,0.9189185230730363,True
DF1176_00034_01,DF1185_00054_01,0.8981680870056152,False,0,0.8160805702209473,0.8575945458562826,True
DF1176_00034_01,DF1185_00052_01,0.8380470275878906,False,9,0.8160805702209473,0.6731091177830562,True
DF1176_00036_01,DF1176_00034_01,0.8606106042861938,False,7,0.8338528871536255,0.5696284512084222,True
DF1176_00038_01,DF1322_00021_01,0.8551809191703796,False,0,0.5531814098358154,0.9577496162081036,True
DF1176_00038_01,DF1176_00041_01,0.6529992818832397,False,6,0.5531814098358154,0.8820139405287241,True
DF1176_00038_01,DF1176_00039_01,0.6070051193237305,False,9,0.5531814098358154,0.8560367459752585,True
DF1176_00043_01,DF1176_00033_01,0.8641135692596436,False,0,0.6488197445869446,0.6295815747471615,True
DF1176_00043_01,DF1176_00046_01,0.692523181438446,False,7,0.6488197445869446,0.9103041931334113,True
DF1176_00043_01,DF1176_00044_01,0.6908935904502869,False,8,0.6488197445869446,0.9117981748631793,True
DF1176_00046_01,DF1759_00077_01,0.8935735821723938,False,0,0.8356814980506897,0.6773595244965075,True
DF1185_00050_01,DF1185_00054_01,0.8379058837890625,False,0,0.5860697627067566,0.9031880851925576,True
DF1185_00050_01,DF1185_00052_01,0.7971715927124023,False,1,0.5860697627067566,0.8980237089445697,True
DF1185_00050_01,DF1185_00060_01,0.7950376272201538,False,2,0.5860697627067566,0.906201483640262,True
DF1185_00050_01,DF1185_00058_01,0.7750203609466553,False,3,0.5860697627067566,0.8968836209514509,True
DF1185_00052_01,DF1185_00054_01,0.8830413222312927,False,0,0.7569844722747803,0.7899463825153237,True
DF1185_00052_01,DF1185_00060_01,0.841400146484375,False,1,0.7569844722747803,0.5881315169092611,True
DF1185_00052_01,DF1185_00058_01,0.8402489423751831,False,2,0.7569844722747803,0.6301706918874662,True
DF1185_00052_01,DF1176_00034_01,0.8380470275878906,False,3,0.7569844722747803,0.8099738960241923,True
DF1185_00052_01,DF1185_00050_01,0.7971715927124023,False,4,0.7569844722747803,0.9026468559365879,True
DF1185_00054_01,DF1176_00034_01,0.8981680870056152,False,0,0.7111867070198059,0.856817601110895,True
DF1185_00054_01,DF1185_00052_01,0.8830413222312927,False,2,0.7111867070198059,0.6057297049692509,True
DF1185_00054_01,DF1185_00050_01,0.8379058837890625,False,4,0.7111867070198059,0.8713998909754449,True
DF1185_00058_01,DF1185_00060_01,0.8949908018112183,False,0,0.7617596387863159,0.6440926357211693,True
DF1185_00058_01,DF1185_00054_01,0.8700872659683228,False,1,0.7617596387863159,0.5947981726253616,True
DF1185_00058_01,DF1176_00034_01,0.8466069102287292,False,2,0.7617596387863159,0.6578776166428312,True
DF1185_00058_01,DF1185_00052_01,0.8402489423751831,False,3,0.7617596387863159,0.7367619032884597,True
DF1185_00058_01,DF1185_00050_01,0.7750203609466553,False,12,0.7617596387863159,0.9021027565663527,True
DF1185_00060_01,DF1185_00058_01,0.8949908018112183,False,0,0.7451453804969788,0.6870175356398927,True
DF1185_00060_01,DF1185_00054_01,0.8889298439025879,False,1,0.7451453804969788,0.7107371257140495,True
DF1185_00060_01,DF1176_00034_01,0.858332097530365,False,2,0.7451453804969788,0.7233093251343097,True
DF1185_00060_01,DF1185_00052_01,0.841400146484375,False,3,0.7451453804969788,0.6406511047467089,True
DF1185_00060_01,DF1185_00050_01,0.7950376272201538,False,5,0.7451453804969788,0.8875273085910325,True
DF1185_00062_01,DF1185_00066_01,0.7457784414291382,False,0,0.6114915013313293,0.8802671628561497,True
DF1185_00062_01,DF1185_00070_01,0.7360663414001465,False,1,0.6114915013313293,0.8989646605550382,True
DF1185_00062_01,DF1185_00068_01,0.6995294690132141,False,2,0.6114915013313293,0.8778257854245869,True
DF1185_00062_01,DF1185_00064_01,0.6398825645446777,False,8,0.6114915013313293,0.8891744112364617,True
DF1185_00064_01,DF1185_00068_01,0.8950991034507751,False,0,0.6726275086402893,0.8191725463523238,True
DF1185_00064_01,DF1185_00066_01,0.8480440974235535,False,1,0.6726275086402893,0.7070938155640435,True
DF1185_00066_01,DF1185_00068_01,0.8850857615470886,False,0,0.6868347525596619,0.7347462901289562,True
DF1185_00066_01,DF1185_00064_01,0.8480440974235535,False,2,0.6868347525596619,0.7085556805036863,True
DF1185_00066_01,DF1185_00062_01,0.7457784414291382,False,5,0.6868347525596619,0.7193275010198336,True
DF1185_00068_01,DF1185_00064_01,0.8950991034507751,False,0,0.711947500705719,0.8848015882668409,True
DF1185_00068_01,DF1185_00066_01,0.8850857615470886,False,1,0.711947500705719,0.7813503398447221,True
DF1185_00070_01,DF1185_00064_01,0.7921687960624695,False,2,0.6510633230209351,0.6319336963318194,True
DF1185_00070_01,DF1185_00062_01,0.7360663414001465,False,4,0.6510633230209351,0.7700732898938968,True
DF1185_00072_01,DF1185_00076_01,0.7531812787055969,False,1,0.6229219436645508,0.8581103445144763,True
DF1185_00072_01,DF1185_00074_01,0.7436069250106812,False,2,0.6229219436645508,0.8945671957265383,True
DF1185_00074_01,DF1185_00076_01,0.8746635913848877,False,0,0.7141817808151245,0.7031658032197466,True
DF1185_00074_01,DF1185_00072_01,0.7436069250106812,False,9,0.7141817808151245,0.7519986095374677,True
DF1185_00076_01,DF1185_00074_01,0.8746635913848877,False,0,0.6583171486854553,0.688561319209442,True
DF1185_00076_01,DF1185_00072_01,0.7531812787055969,False,3,0.6583171486854553,0.6979443960148981,True
DF1185_00078_01,DF1185_00081_01,0.8036056160926819,False,1,0.7474300861358643,0.5535846125369832,True
DF1185_00078_01,DF1185_00080_01,0.7862789630889893,False,3,0.7474300861358643,0.7700732898938968,True
DF1185_00078_01,DF1185_00085_01,0.7826434373855591,False,4,0.7474300861358643,0.5709463649747889,True
DF1185_00078_01,DF1185_00111_01,0.7792755365371704,False,5,0.7474300861358643,0.7048896343966732,True
DF1185_00078_01,DF1185_00097_01,0.7746513485908508,False,6,0.7474300861358643,0.8146244427212479,True
DF1185_00078_01,DF1185_00104_01,0.7689577341079712,False,7,0.7474300861358643,0.7433869298854987,True
DF1185_00078_01,DF1185_00109_01,0.767080545425415,False,8,0.7474300861358643,0.8384169128598573,True
DF1185_00078_01,DF1185_00095_01,0.7666428089141846,False,9,0.7474300861358643,0.8126439946508985,True
DF1185_00078_01,DF1185_00088_01,0.76357501745224,False,10,0.7474300861358643,0.5761886581648782,True
DF1185_00078_01,DF1185_00101_01,0.7614068984985352,False,12,0.7474300861358643,0.8848015882668409,True
DF1185_00078_01,DF1185_00102_01,0.7494352459907532,False,15,0.7474300861358643,0.7779034915051851,True
DF1185_00080_01,DF1185_00085_01,0.9664353728294373,False,0,0.8167943358421326,0.9282386089483177,True
DF1185_00080_01,DF1185_00081_01,0.9660199284553528,False,1,0.8167943358421326,0.9202750117854714,True
DF1185_00080_01,DF1185_00085_02,0.9580062627792358,False,2,0.8167943358421326,0.9226330058271847,True
DF1185_00080_01,DF1185_00085_03,0.954989492893219,False,3,0.8167943358421326,0.8429980429168373,True
DF1185_00080_01,DF1185_00083_01,0.9549692869186401,False,4,0.8167943358421326,0.8951508680747863,True
DF1185_00081_01,DF1185_00085_03,0.9695591330528259,False,0,0.8121660947799683,0.6173446457041394,True
DF1185_00081_01,DF1185_00085_01,0.9678324460983276,False,1,0.8121660947799683,0.8378357723522122,True
DF1185_00081_01,DF1185_00080_01,0.9660199284553528,False,2,0.8121660947799683,0.9263225931064767,True
DF1185_00081_01,DF1185_00083_01,0.9655443429946899,False,3,0.8121660947799683,0.8351969938782852,True
DF1185_00081_01,DF1185_00085_02,0.9572407007217407,False,4,0.8121660947799683,0.8678292426649025,True
DF1185_00083_01,DF1185_00085_03,0.9746223092079163,False,0,0.7872211337089539,0.5673150381007863,True
DF1185_00083_01,DF1185_00085_01,0.9691452980041504,False,1,0.7872211337089539,0.852607460587903,True
DF1185_00083_01,DF1185_00081_01,0.9655443429946899,False,2,0.7872211337089539,0.7095268915548972,True
DF1185_00083_01,DF1185_00085_02,0.958132803440094,False,3,0.7872211337089539,0.8210907956622387,True
DF1185_00083_01,DF1185_00080_01,0.9549692869186401,False,4,0.7872211337089539,0.8881476526293899,True
DF1185_00083_01,DF1185_00078_01,0.7894518971443176,False,18,0.7872211337089539,0.6455189658654995,True
DF1185_00085_01,DF1185_00085_03,0.9705548882484436,False,0,0.8030794858932495,0.8716347127819606,True
DF1185_00085_01,DF1185_00085_02,0.9705426096916199,False,1,0.8030794858932495,0.9021027565663527,True
DF1185_00085_01,DF1185_00083_01,0.9691452980041504,False,2,0.8030794858932495,0.8912013639106833,True
DF1185_00085_01,DF1185_00081_01,0.9678324460983276,False,3,0.8030794858932495,0.786990821965522,True
DF1185_00085_01,DF1185_00080_01,0.9664353728294373,False,4,0.8030794858932495,0.938764441719511,True
DF1185_00085_02,DF1185_00085_01,0.9705426096916199,False,0,0.7938536405563354,0.9216097335934037,True
DF1185_00085_02,DF1185_00085_03,0.9604766368865967,False,1,0.7938536405563354,0.8069293704471809,True
DF1185_00085_02,DF1185_00083_01,0.958132803440094,False,2,0.7938536405563354,0.8581103445144763,True
DF1185_00085_02,DF1185_00080_01,0.9580062627792358,False,3,0.7938536405563354,0.9419287145167968,True
DF1185_00085_02,DF1185_00081_01,0.9572407007217407,False,4,0.7938536405563354,0.8826628032311927,True
DF1185_00085_03,DF1185_00083_01,0.9746223092079163,False,0,0.7909464240074158,0.700937241337531,True
DF1185_00085_03,DF1185_00085_01,0.9705548882484436,False,1,0.7909464240074158,0.8744215828058973,True
DF1185_00085_03,DF1185_00085_02,0.9604766368865967,False,3,0.7909464240074158,0.856557751347525,True
DF1185_00085_03,DF1185_00080_01,0.954989492893219,False,4,0.7909464240074158,0.8639191594548821,True
DF1185_00085_03,DF1185_00078_01,0.8136553764343262,False,14,0.7909464240074158,0.6272178555399608,True
DF1185_00087_01,DF1185_00088_01,0.9515538215637207,False,0,0.8060224652290344,0.8796058996789221,True
DF1185_00087_01,DF1185_00092_01,0.9512509107589722,False,1,0.8060224652290344,0.8860672357115822,True
DF1185_00087_01,DF1185_00090_01,0.9464836716651917,False,2,0.8060224652290344,0.900453102789175,True
DF1185_00087_01,DF2583_00037_02,0.8275866508483887,False,13,0.8060224652290344,0.5639945693752683,True
DF1185_00088_01,DF1185_00090_01,0.9597142934799194,False,0,0.8070321679115295,0.8959243506242848,True
DF1185_00088_01,DF1185_00092_01,0.9541475772857666,False,1,0.8070321679115295,0.6044917350596881,True
DF1185_00088_01,DF1185_00087_01,0.9515538215637207,False,2,0.8070321679115295,0.8343087507964178,True
DF1185_00090_01,DF1185_00088_01,0.9597142934799194,False,0,0.7951347827911377,0.9187664445122404,True
DF1185_00090_01,DF1185_00092_01,0.9479211568832397,False,1,0.7951347827911377,0.7624131989831084,True
DF1185_00090_01,DF1185_00087_01,0.9464836716651917,False,2,0.7951347827911377,0.8716347127819606,True
DF1185_00092_01,DF1185_00087_01,0.9512509107589722,False,1,0.7966035604476929,0.8021068289467393,True
DF1185_00092_01,DF1185_00090_01,0.9479211568832397,False,2,0.7966035604476929,0.6655626623379767,True
DF1185_00094_01,DF1185_00095_01,0.9502651691436768,False,0,0.8028618693351746,0.8424319664863252,True
DF1185_00094_01,DF1185_00097_01,0.9327397346496582,False,1,0.8028618693351746,0.7854993482144509,True
DF1185_00094_01,DF1185_00099_01,0.9101543426513672,False,2,0.8028618693351746,0.8360809007587269,True
DF1185_00095_01,DF1185_00094_01,0.9502651691436768,False,0,0.818107008934021,0.7744091874342136,True
DF1185_00095_01,DF1185_00099_01,0.9057552814483643,False,2,0.818107008934021,0.5781424052215739,True
DF1185_00097_01,DF1185_00095_01,0.9417480230331421,False,0,0.8118806481361389,0.6415139167280219,True
DF1185_00097_01,DF1185_00094_01,0.9327397346496582,False,1,0.8118806481361389,0.8139663906622758,True
DF1185_00097_01,DF1185_00099_01,0.8771388530731201,False,2,0.8118806481361389,0.6001357871516299,True
DF1185_00099_01,DF1185_00094_01,0.9101543426513672,False,0,0.7848067283630371,0.7968211081623683,True
DF1185_00101_01,DF1185_00102_01,0.9518283009529114,False,0,0.7567315697669983,0.8737302035756157,True
DF1185_00101_01,DF1185_00104_01,0.9206106662750244,False,1,0.7567315697669983,0.8021068289467393,True
DF1185_00101_01,DF1185_00078_01,0.7614068984985352,False,23,0.7567315697669983,0.8939804559682891,True
DF1185_00102_01,DF1185_00101_01,0.9518283009529114,False,0,0.7919939756393433,0.8891744112364617,True
DF1185_00102_01,DF1185_00104_01,0.9300711154937744,False,1,0.7919939756393433,0.7466458066666741,True
DF1185_00104_01,DF1185_00102_01,0.9300711154937744,False,0,0.7951074838638306,0.6631076278996508,True
DF1185_00104_01,DF1185_00101_01,0.9206106662750244,False,1,0.7951074838638306,0.7526343805558713,True
DF1185_00106_01,DF1185_00111_01,0.9454076290130615,False,0,0.8127660155296326,0.7888423128168192,True
DF1185_00106_01,DF1185_00107_01,0.938529372215271,False,1,0.8127660155296326,0.876474582069938,True
DF1185_00106_01,DF1185_00109_01,0.9076651334762573,False,2,0.8127660155296326,0.8282750874008906,True
DF1185_00107_01,DF1185_00111_01,0.9448729753494263,False,0,0.8156840801239014,0.5778172395485149,True
DF1185_00107_01,DF1185_00106_01,0.938529372215271,False,1,0.8156840801239014,0.8369604880505621,True
DF1185_00107_01,DF1185_00109_01,0.8860745429992676,False,2,0.8156840801239014,0.6066562623356238,True
DF1185_00109_01,DF1185_00106_01,0.9076651334762573,False,1,0.8000434637069702,0.8337141715309236,True
DF1185_00111_01,DF1185_00106_01,0.9454076290130615,False,0,0.8271443843841553,0.7281624652364832,True
DF1185_00113_01,DF1176_00028_01,0.8570047616958618,False,0,0.6746629476547241,0.7917751768840074,True
DF1185_00113_01,DF1185_00129_01,0.7684043049812317,False,1,0.6746629476547241,0.8427152376317971,True
DF1185_00113_01,DF1185_00115_01,0.766194224357605,False,2,0.6746629476547241,0.8611690551870048,True
DF1185_00113_01,DF1185_00120_01,0.7466602325439453,False,3,0.6746629476547241,0.8702197705356761,True
DF1185_00113_01,DF1185_00121_01,0.7414823770523071,False,5,0.6746629476547241,0.8661315935953011,True
DF1185_00113_01,DF1185_00127_01,0.735747218132019,False,6,0.6746629476547241,0.8162604370260591,True
DF1185_00113_01,DF1185_00123_01,0.7320326566696167,False,7,0.6746629476547241,0.8354921104845817,True
DF1185_00113_01,DF1185_00131_01,0.7265297174453735,False,8,0.6746629476547241,0.7961069583453873,True
DF1185_00113_01,DF1176_00029_01,0.7222816348075867,False,9,0.6746629476547241,0.87396105684977,True
DF1185_00113_01,DF1185_00125_01,0.7021852731704712,False,12,0.6746629476547241,0.831316409938245,True
DF1185_00113_01,DF1176_00031_01,0.679789662361145,False,14,0.6746629476547241,0.7836220908758592,True
DF1185_00115_01,DF1185_00120_01,0.9299662709236145,False,0,0.750519335269928,0.7648557329089823,True
DF1185_00115_01,DF1185_00129_01,0.9200785160064697,False,1,0.750519335269928,0.7058709590819044,True
DF1185_00115_01,DF1185_00123_01,0.9083791375160217,False,2,0.750519335269928,0.8460783286079477,True
DF1185_00115_01,DF1185_00125_01,0.9012966752052307,False,3,0.750519335269928,0.8003586648647537,True
DF1185_00115_01,DF1185_00127_01,0.8963317275047302,False,4,0.750519335269928,0.7095268915548972,True
DF1185_00115_01,DF1185_00121_01,0.8951429128646851,False,5,0.750519335269928,0.8003586648647537,True
DF1185_00120_01,DF1185_00127_01,0.9417237043380737,False,0,0.7183337211608887,0.8614211749707569,True
DF1185_00120_01,DF1185_00123_01,0.9404265880584717,False,1,0.7183337211608887,0.845800607567704,True
DF1185_00120_01,DF1185_00121_01,0.9330436587333679,False,2,0.7183337211608887,0.8334161548865118,True
DF1185_00120_01,DF1185_00115_01,0.9299662709236145,False,3,0.7183337211608887,0.6137052399548707,True
DF1185_00120_01,DF1185_00125_01,0.9238457083702087,False,4,0.7183337211608887,0.8435622583461498,True
DF1185_00120_01,DF1185_00113_01,0.7466602325439453,False,10,0.7183337211608887,0.6289917327526451,True
DF1185_00121_01,DF1185_00120_01,0.9330436587333679,False,0,0.7188001871109009,0.8207723666966955,True
DF1185_00121_01,DF1185_00123_01,0.9305723309516907,False,1,0.7188001871109009,0.6844307198036685,True
DF1185_00121_01,DF1185_00125_01,0.913191556930542,False,2,0.7188001871109009,0.6794679353444786,True
DF1185_00121_01,DF1185_00127_01,0.9102057218551636,False,3,0.7188001871109009,0.7024244769015984,True
DF1185_00121_01,DF1185_00115_01,0.8951429128646851,False,4,0.7188001871109009,0.5925849386025818,True
DF1185_00121_01,DF1185_00113_01,0.7414823770523071,False,13,0.7188001871109009,0.6328127547316077,True
DF1185_00123_01,DF1185_00120_01,0.9404265880584717,False,0,0.7165840864181519,0.8334161548865118,True
DF1185_00123_01,DF1185_00121_01,0.9305723309516907,False,1,0.7165840864181519,0.7832449113229868,True
DF1185_00123_01,DF1185_00125_01,0.9256219863891602,False,2,0.7165840864181519,0.7557922690623472,True
DF1185_00123_01,DF1185_00115_01,0.9083791375160217,False,3,0.7165840864181519,0.6996932033398062,True
DF1185_00123_01,DF1185_00127_01,0.9001840949058533,False,4,0.7165840864181519,0.7798242379715503,True
DF1185_00123_01,DF1185_00113_01,0.7320326566696167,False,16,0.7165840864181519,0.5609904677151945,True
DF1185_00125_01,DF1185_00123_01,0.9256219863891602,False,0,0.7177463173866272,0.7505096874497619,True
DF1185_00125_01,DF1185_00120_01,0.9238457083702087,False,1,0.7177463173866272,0.7728408166176522,True
DF1185_00125_01,DF1185_00121_01,0.913191556930542,False,2,0.7177463173866272,0.6815651837078924,True
DF1185_00125_01,DF1185_00115_01,0.9012966752052307,False,3,0.7177463173866272,0.584928490021426,True
DF1185_00125_01,DF1185_00127_01,0.8835198283195496,False,4,0.7177463173866272,0.5787921859656806,True
DF1185_00127_01,DF1185_00120_01,0.9417237043380737,False,0,0.697959303855896,0.8549894951505638,True
DF1185_00127_01,DF1185_00121_01,0.9102057218551636,False,1,0.697959303855896,0.7899463825153237,True
DF1185_00127_01,DF1185_00123_01,0.9001840949058533,False,2,0.697959303855896,0.8214087143747982,True
DF1185_00127_01,DF1185_00115_01,0.8963317275047302,False,3,0.697959303855896,0.6736428723404291,True
DF1185_00127_01,DF1185_00125_01,0.8835198283195496,False,4,0.697959303855896,0.7442594429511705,True
DF1185_00127_01,DF1185_00113_01,0.735747218132019,False,12,0.697959303855896,0.5752093069299017,True
DF1185_00129_01,DF1185_00115_01,0.9200785160064697,False,0,0.7101385593414307,0.6511794433384197,True
DF1185_00129_01,DF1185_00121_01,0.8640310764312744,False,4,0.7101385593414307,0.6406511047467089,True
DF1185_00131_01,DF1185_00127_01,0.8469365835189819,False,0,0.6837736368179321,0.5549377260779869,True
DF1185_00131_01,DF1185_00113_01,0.7265297174453735,False,8,0.6837736368179321,0.5797654805871192,True
DF1322_00013_01,DF1176_00046_01,0.7214849591255188,False,7,0.6737821102142334,0.6409388888023603,True
DF1322_00015_01,DF0298_00019_01,0.8366214036941528,False,0,0.5664904117584229,0.7802066362429887,True
DF1322_00015_01,DF1322_00015_02,0.8230714797973633,False,2,0.5664904117584229,0.666920381065264,True
DF1322_00015_02,DF1322_00015_01,0.8230714797973633,False,0,0.5236139893531799,0.6576005759908425,True
DF1322_00017_01,DF1898_00046_01,0.7099053263664246,False,7,0.663973331451416,0.552906957267744,True
DF1322_00019_01,DF2583_00028_01,0.7083855867385864,False,11,0.6818588972091675,0.6595361254106684,True
DF1322_00021_01,DF1176_00038_01,0.8551809191703796,False,0,0.6267518401145935,0.9626213831465019,True
DF1322_00021_01,DF1176_00041_01,0.6392366886138916,False,14,0.6267518401145935,0.8730352757470431,True
DF1759_00054_01,DF0542_00016_01,0.8231490254402161,False,0,0.640525221824646,0.690098886880929,True
DF1759_00054_01,DF0298_00014_01,0.8055426478385925,False,1,0.640525221824646,0.6731091177830562,True
DF1759_00054_01,DF0403_00012_02,0.7396184206008911,False,2,0.640525221824646,0.6480750516405984,True
DF1759_00054_01,DF1759_00062_01,0.7274808883666992,False,5,0.640525221824646,0.8518054776437469,True
DF1759_00054_01,DF1759_00077_02,0.6895747184753418,False,6,0.640525221824646,0.8845893677068734,True
DF1759_00054_01,DF0459_00016_01,0.6871142387390137,False,7,0.640525221824646,0.8629250139360195,True
DF1759_00054_01,DF1759_00061_01,0.6698052883148193,False,10,0.640525221824646,0.9053245690647248,True
DF1759_00054_01,DF1759_00059_01,0.6660824418067932,False,12,0.640525221824646,0.881796906578496,True
DF1759_00054_01,DF1759_00077_01,0.6634804606437683,False,13,0.640525221824646,0.9010058935343934,True
DF1759_00054_01,DF1759_00056_01,0.6531749963760376,False,15,0.640525221824646,0.9155090086726231,True
DF1759_00054_01,DF1759_00064_01,0.645453929901123,False,17,0.640525221824646,0.8907987884366952,True
DF1759_00056_01,DF0298_00015_01,0.9768946170806885,False,0,0.8737583756446838,0.6666491906240466,True
DF1759_00056_01,DF1759_00059_01,0.9196363687515259,False,2,0.8737583756446838,0.872802841904677,True
DF1759_00056_01,DF0298_00017_01,0.9130354523658752,False,4,0.8737583756446838,0.721207240669352,True
DF1759_00056_01,DF1759_00059_02,0.9118871688842773,False,5,0.8737583756446838,0.8129753816923002,True
DF1759_00056_01,DF1759_00075_01,0.9108449220657349,False,6,0.8737583756446838,0.7075817776169727,True
DF1759_00056_01,DF1759_00077_01,0.9089546203613281,False,7,0.8737583756446838,0.8010595722357858,True
DF1759_00056_01,DF1759_00075_03,0.8863908648490906,False,11,0.8737583756446838,0.6923936081811058,True
DF1759_00059_01,DF1759_00056_01,0.9196363687515259,False,0,0.8220134973526001,0.6218570154645476,True
DF1759_00059_01,DF0298_00015_01,0.8997859954833984,False,1,0.8220134973526001,0.7438235033106778,True
DF1759_00059_01,DF0542_00017_01,0.8933699131011963,False,2,0.8220134973526001,0.6097329064099574,True
DF1759_00059_01,DF1759_00059_02,0.8866735100746155,False,3,0.8220134973526001,0.5633282747508814,True
DF1759_00059_01,DF1759_00077_01,0.8690534830093384,False,5,0.8220134973526001,0.5810606373393494,True
DF1759_00059_01,DF0298_00017_01,0.8561475276947021,False,6,0.8220134973526001,0.5906807306849167,True
DF1759_00059_01,DF1759_00075_01,0.8363440632820129,False,12,0.8220134973526001,0.581707114568668,True
DF1759_00059_02,DF0298_00015_01,0.9188967943191528,False,0,0.8315781950950623,0.7422927199162723,True
DF1759_00059_02,DF0542_00017_01,0.9125887751579285,False,1,0.8315781950950623,0.7313578924531419,True
DF1759_00059_02,DF0459_00016_01,0.8888581991195679,False,3,0.8315781950950623,0.6383423459002283,True
DF1759_00059_02,DF1759_00059_01,0.8866735100746155,False,5,0.8315781950950623,0.6286965398688723,True
DF1759_00059_02,DF1759_00077_01,0.8759459257125854,False,7,0.8315781950950623,0.5925849386025818,True
DF1759_00061_01,DF1759_00064_02,0.9401086568832397,False,0,0.8527695536613464,0.8588808076254141,True
DF1759_00061_01,DF1759_00064_03,0.939552903175354,False,1,0.8527695536613464,0.8578526612396329,True
DF1759_00061_01,DF1759_00064_01,0.8936828970909119,False,3,0.8527695536613464,0.7957490496266483,True
DF1759_00061_01,DF0298_00017_01,0.8673042058944702,False,10,0.8527695536613464,0.7700732898938968,True
DF1759_00064_01,DF1759_00061_01,0.8936828970909119,False,2,0.8417614698410034,0.7763563521751522,True
DF1759_00064_01,DF1759_00064_02,0.8896619081497192,False,3,0.8417614698410034,0.5938507436210596,True
DF1759_00064_01,DF1759_00064_03,0.8869978189468384,False,4,0.8417614698410034,0.5991977018623466,True
DF1759_00064_01,DF0298_00015_01,0.8868895769119263,False,5,0.8417614698410034,0.6197563394618308,True
DF1759_00064_01,DF1759_00062_01,0.8685272336006165,False,6,0.8417614698410034,0.6010722245395393,True
DF1759_00064_02,DF1759_00064_03,0.9853561520576477,False,0,0.831078827381134,0.7953905842146939,True
DF1759_00064_02,DF1759_00061_01,0.9401086568832397,False,1,0.831078827381134,0.82330554608444,True
DF1759_00064_02,DF0298_00017_01,0.8944904804229736,False,2,0.831078827381134,0.7688782521170336,True
DF1759_00064_02,DF1759_00064_01,0.8896619081497192,False,3,0.831078827381134,0.7087987354793126,True
DF1759_00064_02,DF0542_00019_01,0.8399338126182556,False,15,0.831078827381134,0.6833911388776917,True
DF1759_00064_03,DF1759_00064_02,0.9853561520576477,False,0,0.8268502354621887,0.8048755524835555,True
DF1759_00064_03,DF1759_00061_01,0.939552903175354,False,1,0.8268502354621887,0.797177350490704,True
DF1759_00064_03,DF1759_00064_01,0.8869978189468384,False,2,0.8268502354621887,0.7001913290467185,True
DF1759_00064_03,DF0298_00017_01,0.8843345642089844,False,3,0.8268502354621887,0.649771041706084,True
DF1759_00064_03,DF0542_00019_01,0.8348422050476074,False,15,0.8268502354621887,0.5979443575280723,True
DF1759_00074_01,DF1759_00079_01,0.9792003631591797,False,0,0.8209511041641235,0.9464814336291137,True
DF1759_00074_01,DF1759_00075_03,0.9346132874488831,False,1,0.8209511041641235,0.9121269328969798,True
DF1759_00074_01,DF1759_00075_01,0.9332261681556702,False,2,0.8209511041641235,0.9170754545771808,True
DF1759_00074_01,DF1759_00075_02,0.9020540118217468,False,3,0.8209511041641235,0.9132684024721864,True
DF1759_00074_01,DF1759_00077_02,0.8964650630950928,False,4,0.8209511041641235,0.8713998909754449,True
DF1759_00074_01,DF1759_00077_01,0.8886075019836426,False,5,0.8209511041641235,0.8641666494880678,True
DF1759_00075_01,DF1759_00075_03,0.9732711315155029,False,0,0.8424922227859497,0.8899894234130917,True
DF1759_00075_01,DF1759_00079_01,0.9471081495285034,False,1,0.8424922227859497,0.5501890153669311,True
DF1759_00075_01,DF1759_00075_02,0.9468624591827393,False,2,0.8424922227859497,0.8099738960241923,True
DF1759_00075_01,DF1759_00074_01,0.9332261681556702,False,3,0.8424922227859497,0.8126439946508985,True
DF1759_00075_01,DF1759_00077_01,0.9231420755386353,False,4,0.8424922227859497,0.8220430235230903,True
DF1759_00075_01,DF1759_00077_02,0.8745936751365662,False,9,0.8424922227859497,0.5745554884505422,True
DF1759_00075_02,DF1759_00075_01,0.9468624591827393,False,0,0.824536919593811,0.8441246176529621,True
DF1759_00075_02,DF1759_00075_03,0.9411722421646118,False,1,0.824536919593811,0.8328186644921168,True
DF1759_00075_02,DF1759_00074_01,0.9020540118217468,False,3,0.824536919593811,0.7736261869196748,True
DF1759_00075_02,DF1759_00077_01,0.8929822444915771,False,4,0.824536919593811,0.7680785634920665,True
DF1759_00075_03,DF1759_00075_01,0.9732711315155029,False,0,0.8308849334716797,0.8793847200498616,True
DF1759_00075_03,DF1759_00075_02,0.9411722421646118,False,2,0.8308849334716797,0.8692684260394673,True
DF1759_00075_03,DF1759_00074_01,0.9346132874488831,False,3,0.8308849334716797,0.8214087143747982,True
DF1759_00075_03,DF1759_00077_01,0.9161167144775391,False,5,0.8308849334716797,0.8891744112364617,True
DF1759_00075_03,DF1759_00077_02,0.8680273294448853,False,9,0.8308849334716797,0.6723071692632687,True
DF1759_00077_01,DF1759_00075_01,0.9231420755386353,False,0,0.8740612268447876,0.8276608907142934,True
DF1759_00077_01,DF1759_00077_02,0.9177822470664978,False,2,0.8740612268447876,0.7016816234494855,True
DF1759_00077_01,DF1759_00075_03,0.9161167144775391,False,3,0.8740612268447876,0.8680701247768388,True
DF1759_00077_01,DF1759_00056_01,0.9089546203613281,False,4,0.8740612268447876,0.6849494691912745,True
DF1759_00077_01,DF1759_00075_02,0.8929822444915771,False,9,0.8740612268447876,0.7383206054892373,True
DF1759_00077_01,DF0298_00015_01,0.8902320265769958,False,10,0.8740612268447876,0.6717716585957899,True
DF1759_00077_01,DF1759_00074_01,0.8886075019836426,False,11,0.8740612268447876,0.737208048844694,True
DF1759_00077_02,DF1759_00079_01,0.9288919568061829,False,0,0.8306916356086731,0.5894075911057218,True
DF1759_00077_02,DF1759_00077_01,0.9177822470664978,False,1,0.8306916356086731,0.6964387622305553,True
DF1759_00077_02,DF1759_00074_01,0.8964650630950928,False,2,0.8306916356086731,0.824247123776262,True
DF1759_00077_02,DF1759_00075_01,0.8745936751365662,False,5,0.8306916356086731,0.6981947372527212,True
DF1759_00077_02,DF1759_00075_03,0.8680273294448853,False,6,0.8306916356086731,0.7141034999539008,True
DF1759_00077_02,DF1759_00056_01,0.8546258211135864,False,8,0.8306916356086731,0.5709463649747889,True
DF1759_00077_02,DF1759_00075_02,0.8471541404724121,False,11,0.8306916356086731,0.5735733842740385,True
DF1759_00077_02,DF0298_00015_01,0.8340190052986145,False,14,0.8306916356086731,0.57226134272957,True
DF1759_00079_01,DF1759_00074_01,0.9792003631591797,False,0,0.8375818729400635,0.9384156671114154,True
DF1759_00079_01,DF1759_00075_01,0.9471081495285034,False,1,0.8375818729400635,0.8038413530590799,True
DF1759_00079_01,DF1759_00075_03,0.9451456069946289,False,2,0.8375818729400635,0.7747998005093216,True
DF1759_00079_01,DF1759_00077_02,0.9288919568061829,False,3,0.8375818729400635,0.7383206054892373,True
DF1759_00079_01,DF1759_00075_02,0.9226641654968262,False,4,0.8375818729400635,0.7342966044378889,True
DF1759_00079_01,DF1759_00077_01,0.9181889295578003,False,5,0.8375818729400635,0.618250396659691,True
DF1759_00083_01,DF0459_00010_01,0.8757106065750122,False,0,0.6816709041595459,0.8621749937238583,True
DF1759_00083_01,DF1759_00085_01,0.7337939143180847,False,4,0.6816709041595459,0.9279678584998654,True
DF1759_00083_01,DF1759_00089_01,0.7223280668258667,False,6,0.6816709041595459,0.9109711395530301,True
DF1759_00083_01,DF2583_00025_01,0.7206432819366455,False,7,0.6816709041595459,0.8214087143747982,True
DF1759_00083_01,DF1759_00118_01,0.7202937006950378,False,8,0.6816709041595459,0.9164522384233876,True
DF1759_00083_01,DF1759_00091_01,0.7054456472396851,False,11,0.6816709041595459,0.9345737504506001,True
DF1759_00083_01,DF2583_00028_01,0.6933752298355103,False,17,0.6816709041595459,0.6720395017919056,True
DF1759_00083_01,DF1759_00087_01,0.6838639378547668,False,20,0.6816709041595459,0.8920023220009494,True
DF1759_00085_01,DF1759_00089_01,0.9769132137298584,False,0,0.8553772568702698,0.9332003561333688,True
DF1759_00085_01,DF0459_00011_01,0.9579259157180786,False,1,0.8553772568702698,0.5659890517017687,True
DF1759_00085_01,DF1759_00091_01,0.9559844732284546,False,2,0.8553772568702698,0.8907987884366952,True
DF1759_00085_01,DF1759_00087_01,0.9017304182052612,False,6,0.8553772568702698,0.8843767801736606,True
DF1759_00085_01,DF1759_00096_01,0.8682820200920105,False,13,0.8553772568702698,0.7131450233546045,True
DF1759_00087_01,DF1759_00092_01,0.9099552631378174,False,0,0.8478271961212158,0.7422927199162723,True
DF1759_00087_01,DF1759_00085_01,0.9017304182052612,False,1,0.8478271961212158,0.8109791511287001,True
DF1759_00087_01,DF1759_00089_01,0.8983823657035828,False,2,0.8478271961212158,0.6085044415300338,True
DF1759_00087_01,DF0865_00030_01,0.8930518627166748,False,3,0.8478271961212158,0.7589153891154955,True
DF1759_00087_01,DF1759_00091_01,0.8892529010772705,False,4,0.8478271961212158,0.7095268915548972,True
DF1759_00087_01,DF2583_00028_01,0.8735629916191101,False,7,0.8478271961212158,0.8010595722357858,True
DF1759_00087_01,DF1759_00094_01,0.8699620962142944,False,8,0.8478271961212158,0.586532296769768,True
DF1759_00087_01,DF1759_00094_03,0.8641578555107117,False,11,0.8478271961212158,0.6260316426428366,True
DF1759_00087_01,DF2583_00025_01,0.8526129126548767,False,13,0.8478271961212158,0.6038716526621498,True
DF1759_00089_01,DF1759_00085_01,0.9769132137298584,False,0,0.8524655103683472,0.9166084611510893,True
DF1759_00089_01,DF0459_00011_01,0.9561643600463867,False,1,0.8524655103683472,0.6203574423394737,True
DF1759_00089_01,DF1759_00091_01,0.9462631940841675,False,2,0.8524655103683472,0.7309033534728144,True
DF1759_00089_01,DF1759_00087_01,0.8983823657035828,False,4,0.8524655103683472,0.6542621954253367,True
DF1759_00091_01,DF1759_00085_01,0.9559844732284546,False,0,0.8561283946037292,0.9121269328969798,True
DF1759_00091_01,DF1759_00089_01,0.9462631940841675,False,1,0.8561283946037292,0.797177350490704,True
DF1759_00091_01,DF1759_00092_01,0.8903924226760864,False,3,0.8561283946037292,0.8076096743358822,True
DF1759_00091_01,DF1759_00087_01,0.8892529010772705,False,5,0.8561283946037292,0.7578781973946614,True
DF1759_00091_01,DF1759_00094_01,0.8799626231193542,False,8,0.8561283946037292,0.7249350677962783,True
DF1759_00091_01,DF1759_00096_01,0.8769240379333496,False,10,0.8561283946037292,0.8328186644921168,True
DF1759_00091_01,DF1759_00094_02,0.8749729990959167,False,11,0.8561283946037292,0.7961069583453873,True
DF1759_00091_01,DF1759_00096_02,0.8648441433906555,False,15,0.8561283946037292,0.8096377491017617,True
DF1759_00092_01,DF1759_00087_01,0.9099552631378174,False,0,0.8317742347717285,0.7263221641968752,True
DF1759_00092_01,DF1759_00091_01,0.8903924226760864,False,1,0.8317742347717285,0.5973165863237782,True
DF1759_00092_01,DF2583_00028_01,0.8455451726913452,False,10,0.8317742347717285,0.7767440179187864,True
DF1759_00094_03,DF1759_00091_01,0.8485182523727417,False,4,0.7929285168647766,0.5947981726253616,True
DF1759_00096_01,DF1759_00091_01,0.8769240379333496,False,1,0.8082669377326965,0.7119431671647791,True
DF1759_00096_02,DF1759_00091_01,0.8648441433906555,False,2,0.8112792372703552,0.8123120812159642,True
DF1759_00120_01,DF0459_00027_01,0.8242241144180298,False,0,0.5276965498924255,0.8744215828058973,True
DF1759_00120_01,DF1759_00125_01,0.645911693572998,False,1,0.5276965498924255,0.918614092806694,True
DF1759_00120_01,DF1759_00122_01,0.6118308901786804,False,4,0.5276965498924255,0.9192218625382966,True
DF1759_00120_01,DF1759_00128_02,0.5929402112960815,False,6,0.5276965498924255,0.8793847200498616,True
DF1759_00120_01,DF1759_00123_02,0.5410210490226746,False,15,0.5276965498924255,0.8965009202496811,True
DF1759_00120_01,DF1759_00126_01,0.5378581881523132,False,19,0.5276965498924255,0.8041866278838218,True
DF1759_00120_01,DF1759_00128_01,0.5374279618263245,False,20,0.5276965498924255,0.9074161977923193,True
DF1759_00120_01,DF1759_00123_01,0.5359204411506653,False,21,0.5276965498924255,0.9156669174975107,True
DF1759_00122_01,DF1759_00125_01,0.8853921294212341,False,1,0.8458609580993652,0.5676460760845942,True
DF1759_00122_01,DF1759_00128_01,0.8853073716163635,False,2,0.8458609580993652,0.7078255059034086,True
DF1759_00122_01,DF1759_00123_01,0.8769532442092896,False,6,0.8458609580993652,0.8446851257121556,True
DF1759_00122_01,DF1759_00123_02,0.853288471698761,False,12,0.8458609580993652,0.8515372590783284,True
DF1759_00123_01,DF1759_00123_02,0.918684720993042,False,0,0.8237923979759216,0.8282750874008906,True
DF1759_00123_01,DF1759_00122_01,0.8769532442092896,False,4,0.8237923979759216,0.7141034999539008,True
DF1759_00123_02,DF1759_00123_01,0.918684720993042,False,0,0.799812376499176,0.7866188121086976,True
DF1759_00123_02,DF1759_00122_01,0.853288471698761,False,2,0.799812376499176,0.6266251120360048,True
DF1759_00125_01,DF1759_00128_01,0.9169118404388428,False,0,0.8192647099494934,0.7541124038755324,True
DF1759_00125_01,DF1759_00128_02,0.8999548554420471,False,1,0.8192647099494934,0.6380529397759553,True
DF1759_00125_01,DF1759_00126_01,0.8676241636276245,False,4,0.8192647099494934,0.5643274416083762,True
DF1759_00126_01,DF1759_00125_01,0.8676241636276245,False,0,0.7999231815338135,0.5797654805871192,True
DF1759_00128_01,DF1759_00122_01,0.8853073716163635,False,2,0.8327485918998718,0.6636544301526595,True
DF1759_00128_01,DF1759_00130_01,0.8789633512496948,False,3,0.8327485918998718,0.5716042208671189,True
DF1759_00128_01,DF1759_00128_02,0.8650702834129333,False,6,0.8327485918998718,0.8191725463523238,True
DF1759_00128_01,DF0298_00025_01,0.8470704555511475,False,12,0.8327485918998718,0.6622860957166337,True
DF1759_00128_01,DF1759_00126_01,0.8394360542297363,False,13,0.8327485918998718,0.7429497221270138,True
DF1759_00128_02,DF1759_00128_01,0.8650702834129333,False,1,0.7737473249435425,0.653143695339851,True
DF1759_00130_01,DF1759_00131_01,0.989104151725769,False,0,0.8227900266647339,0.9532493699197464,True
DF1759_00131_01,DF1759_00130_01,0.989104151725769,False,0,0.8293542265892029,0.9589444235197121,True
DF1759_00138_01,DF1759_00155_01,0.7476292848587036,False,0,0.5485725402832031,0.9321840839903448,True
DF1759_00138_01,DF1759_00148_01,0.6646690964698792,False,1,0.5485725402832031,0.8398614616632383,True
DF1759_00138_01,DF1759_00140_01,0.6530696153640747,False,2,0.5485725402832031,0.9283736164890385,True
DF1759_00138_01,DF1759_00145_01,0.633155107498169,False,3,0.5485725402832031,0.9084454548384466,True
DF1759_00138_01,DF1759_00150_01,0.6328819394111633,False,4,0.5485725402832031,0.9094638127135909,True
DF1759_00138_01,DF1759_00146_01,0.6298157572746277,False,5,0.5485725402832031,0.7824888192880685,True
DF1759_00138_01,DF1759_00151_01,0.6272582411766052,False,6,0.5485725402832031,0.8480095703620841,True
DF1759_00138_01,DF1759_00143_02,0.6094639301300049,False,8,0.5485725402832031,0.8755660373812193,True
DF1759_00138_01,DF1759_00153_03,0.5954636335372925,False,10,0.5485725402832031,0.8860672357115822,True
DF1759_00138_01,DF1759_00143_01,0.5910001993179321,False,11,0.5485725402832031,0.869744906320753,True
DF1759_00138_01,DF1759_00153_01,0.5875755548477173,False,12,0.5485725402832031,0.8716347127819606,True
DF1759_00138_01,DF1759_00141_01,0.5771752595901489,False,13,0.5485725402832031,0.8354921104845817,True
DF1759_00140_01,DF1759_00155_01,0.9178053140640259,False,0,0.7995309829711914,0.7138641312593615,True
DF1759_00140_01,DF1759_00141_01,0.9072808623313904,False,1,0.7995309829711914,0.8515372590783284,True
DF1759_00140_01,DF1759_00145_01,0.8857488632202148,False,2,0.7995309829711914,0.568968393395511,True
DF1759_00140_01,DF1759_00143_02,0.874492883682251,False,3,0.7995309829711914,0.8021068289467393,True
DF1759_00140_01,DF1759_00143_01,0.86854088306427,False,5,0.7995309829711914,0.8149526844368211,True
DF1759_00140_01,DF1759_00148_01,0.8584099411964417,False,7,0.7995309829711914,0.600760261823604,True
DF1759_00140_01,DF1759_00153_01,0.8562593460083008,False,8,0.7995309829711914,0.7016816234494855,True
DF1759_00140_01,DF1759_00151_01,0.8390189409255981,False,10,0.7995309829711914,0.6307590843873132,True
DF1759_00140_01,DF1759_00153_02,0.8306602835655212,False,11,0.7995309829711914,0.6248425253903521,True
DF1759_00140_01,DF1759_00153_03,0.8209570050239563,False,12,0.7995309829711914,0.6127912853685858,True
DF1759_00141_01,DF1759_00140_01,0.9072808623313904,False,0,0.8180899024009705,0.7696755425371267,True
DF1759_00141_01,DF1759_00151_01,0.8651335835456848,False,1,0.8180899024009705,0.6038716526621498,True
DF1759_00141_01,DF1759_00155_01,0.8461927175521851,False,5,0.8180899024009705,0.6124862689123564,True
DF1759_00143_01,DF1759_00143_02,0.9685867428779602,False,0,0.761657178401947,0.6242468771374942,True
DF1759_00143_01,DF1759_00140_01,0.86854088306427,False,1,0.761657178401947,0.8103095115892925,True
DF1759_00143_02,DF1759_00143_01,0.9685867428779602,False,0,0.7638522386550903,0.6680033776038965,True
DF1759_00143_02,DF1759_00140_01,0.874492883682251,False,1,0.7638522386550903,0.7438235033106778,True
DF1759_00145_01,DF1759_00148_01,0.8928555250167847,False,1,0.8077679872512817,0.8273530468274595,True
DF1759_00145_01,DF1759_00146_01,0.8423813581466675,False,5,0.8077679872512817,0.8248723209538826,True
DF1759_00146_01,DF1759_00145_01,0.8423813581466675,False,3,0.7708339095115662,0.6918848746170291,True
DF1759_00148_01,DF1759_00145_01,0.8928555250167847,False,0,0.7753150463104248,0.7866188121086976,True
DF1759_00148_01,DF1759_00155_01,0.8817080855369568,False,1,0.7753150463104248,0.5709463649747889,True
DF1759_00150_01,DF1759_00153_03,0.9221819639205933,False,0,0.7954663038253784,0.8704565980570484,True
DF1759_00150_01,DF1759_00155_01,0.8994263410568237,False,1,0.7954663038253784,0.6026292924191495,True
DF1759_00150_01,DF1759_00151_01,0.8799514174461365,False,2,0.7954663038253784,0.7747998005093216,True
DF1759_00150_01,DF1759_00153_01,0.8411356210708618,False,6,0.7954663038253784,0.7502963596768698,True
DF1759_00150_01,DF1759_00153_02,0.8178055286407471,False,10,0.7954663038253784,0.8072697905500292,True
DF1759_00151_01,DF1759_00155_01,0.8847700357437134,False,0,0.790488600730896,0.6188533199928709,True
DF1759_00151_01,DF1759_00150_01,0.8799514174461365,False,1,0.790488600730896,0.8285814414384387,True
DF1759_00151_01,DF1759_00141_01,0.8651335835456848,False,2,0.790488600730896,0.749441484235409,True
DF1759_00153_01,DF1759_00153_02,0.9180659651756287,False,0,0.7774708271026611,0.7790576922102551,True
DF1759_00153_02,DF1759_00153_01,0.9180659651756287,False,0,0.7742701768875122,0.6712354448483707,True
DF1759_00153_02,DF1759_00150_01,0.8178055286407471,False,3,0.7742701768875122,0.5646601304458072,True
DF1759_00153_03,DF1759_00150_01,0.9221819639205933,False,0,0.7770681977272034,0.8261166865442167,True
DF1759_00153_03,DF1759_00155_01,0.8592410087585449,False,1,0.7770681977272034,0.6770951870536194,True
DF1759_00153_03,DF1759_00151_01,0.8497551679611206,False,2,0.7770681977272034,0.6723071692632687,True
DF1759_00153_03,DF1759_00145_01,0.8373957276344299,False,3,0.7770681977272034,0.5716042208671189,True
DF1759_00153_03,DF1759_00140_01,0.8209570050239563,False,4,0.7770681977272034,0.5735733842740385,True
DF1759_00153_03,DF1759_00153_01,0.8128918409347534,False,5,0.7770681977272034,0.5998232751712886,True
DF1759_00153_03,DF1759_00153_02,0.8051337599754333,False,6,0.7770681977272034,0.7526343805558713,True
DF1759_00155_01,DF1759_00140_01,0.9178053140640259,False,0,0.8025827407836914,0.7387645066587984,True
DF1759_00155_01,DF1759_00145_01,0.904136061668396,False,1,0.8025827407836914,0.6846901812119696,True
DF1759_00155_01,DF1759_00151_01,0.8847700357437134,False,3,0.8025827407836914,0.735643727465127,True
DF1759_00155_01,DF1759_00148_01,0.8817080855369568,False,4,0.8025827407836914,0.7925027462672406,True
DF1759_00155_01,DF1759_00153_01,0.8618046045303345,False,5,0.8025827407836914,0.7684787078746115,True
DF1759_00155_01,DF1759_00153_03,0.8592410087585449,False,6,0.8025827407836914,0.6741759250941762,True
DF1759_00155_01,DF1759_00141_01,0.8461927175521851,False,8,0.8025827407836914,0.7708669918524528,True
DF1759_00155_01,DF1759_00146_01,0.8402098417282104,False,9,0.8025827407836914,0.6671913949405239,True
DF1759_00155_01,DF1759_00143_02,0.8367388844490051,False,10,0.8025827407836914,0.786990821965522,True
DF1759_00155_01,DF1759_00143_01,0.8232397437095642,False,11,0.8025827407836914,0.7828671543286876,True
DF1759_00155_01,DF1759_00153_02,0.8200814723968506,False,13,0.8025827407836914,0.7877331281661136,True
DF1759_00164_01,DF1759_00172_02,0.5643168687820435,False,1,0.49543508887290955,0.8366677712160099,True
DF1759_00164_01,DF1759_00166_01,0.5458164215087891,False,3,0.49543508887290955,0.7782888101494783,True
DF1759_00164_01,DF1759_00167_01,0.5366615056991577,False,4,0.49543508887290955,0.8139663906622758,True
DF1759_00164_01,DF1759_00174_01,0.5271009206771851,False,5,0.49543508887290955,0.8767007480900508,True
DF1759_00164_01,DF1759_00172_01,0.5186548829078674,False,8,0.49543508887290955,0.8245599740801136,True
DF1759_00164_01,DF1759_00172_03,0.5178236365318298,False,9,0.49543508887290955,0.8182064913867099,True
DF1759_00164_01,DF1759_00169_01,0.5016541481018066,False,11,0.49543508887290955,0.8316178380108457,True
DF1759_00164_01,DF1759_00167_02,0.4992854595184326,False,15,0.49543508887290955,0.8427152376317971,True
DF1759_00166_01,DF1759_00167_01,0.8936944603919983,False,0,0.8016583919525146,0.7873622604484849,True
DF1759_00166_01,DF1759_00167_02,0.8709456324577332,False,1,0.8016583919525146,0.6872752650340147,True
DF1759_00166_01,DF1759_00169_01,0.8593489527702332,False,2,0.8016583919525146,0.5639945693752683,True
DF1759_00166_01,DF1759_00171_01,0.8095337152481079,False,12,0.8016583919525146,0.6562127024081522,True
DF1759_00166_01,DF1759_00169_02,0.8066601753234863,False,14,0.8016583919525146,0.6592601517441824,True
DF1759_00167_01,DF1759_00166_01,0.8936944603919983,False,0,0.7923590540885925,0.6609133291774438,True
DF1759_00167_02,DF1759_00166_01,0.8709456324577332,False,1,0.8048985004425049,0.5725896283921633,True
DF1759_00169_01,DF1759_00169_02,0.852634608745575,False,2,0.7841417789459229,0.7444771752738281,True
DF1759_00169_01,DF1759_00171_01,0.816979169845581,False,5,0.7841417789459229,0.7589153891154955,True
DF1759_00169_02,DF1759_00171_01,0.9228277206420898,False,0,0.7456663250923157,0.8903948096880768,True
DF1759_00169_02,DF1759_00166_01,0.8066601753234863,False,5,0.7456663250923157,0.8334161548865118,True
DF1759_00169_02,DF1185_00087_01,0.7831913828849792,False,6,0.7456663250923157,0.6926477171198686,True
DF1759_00169_02,DF1185_00090_01,0.762270450592041,False,13,0.7456663250923157,0.5944825462501364,True
DF1759_00171_01,DF1759_00169_02,0.9228277206420898,False,0,0.7360630035400391,0.8188510428352327,True
DF1759_00171_01,DF1759_00166_01,0.8095337152481079,False,2,0.7360630035400391,0.8072697905500292,True
DF1759_00171_01,DF1185_00087_01,0.7681095600128174,False,9,0.7360630035400391,0.6197563394618308,True
DF1759_00172_01,DF1759_00172_02,0.9517027139663696,False,0,0.750039279460907,0.5639945693752683,True
DF1759_00172_01,DF1759_00172_03,0.9494494199752808,False,1,0.750039279460907,0.6357311943876319,True
DF1759_00172_02,DF1759_00172_01,0.9517027139663696,False,0,0.7216144800186157,0.6671913949405239,True
DF1759_00172_03,DF1759_00172_01,0.9494494199752808,False,0,0.7539187669754028,0.7104954145363647,True
DF1759_00174_01,DF1759_00175_01,0.930508017539978,False,0,0.6977143883705139,0.8989646605550382,True
DF1759_00175_01,DF1759_00174_01,0.930508017539978,False,0,0.7521890997886658,0.7961069583453873,True
DF1898_00024_01,DF1898_00026_01,0.9501973986625671,False,0,0.7586146593093872,0.6658345594735559,True
DF1898_00026_01,DF1898_00024_01,0.9501973986625671,False,0,0.7793921828269958,0.6091190393416311,True
DF1898_00026_01,DF1759_00087_01,0.794794499874115,False,15,0.7793921828269958,0.6333978890543742,True
DF1898_00029_01,DF1898_00029_01,1.0,False,0,0.5577117204666138,0.9641653104650574,True
DF1898_00029_01,DF0542_00010_01,0.7314291000366211,False,2,0.5577117204666138,0.8860672357115822,True
DF1898_00029_01,DF0542_00014_01,0.7143272161483765,False,3,0.5577117204666138,0.852607460587903,True
DF1898_00029_01,DF1898_00030_01,0.69038987159729,False,5,0.5577117204666138,0.9237867623750319,True
DF1898_00029_01,DF0542_00012_01,0.6088371276855469,False,13,0.5577117204666138,0.8653978508301998,True
DF1898_00029_01,DF1898_00032_01,0.5847550630569458,False,15,0.5577117204666138,0.8631741792955836,True
DF1898_00029_01,DF2583_00025_01,0.5821532011032104,False,16,0.5577117204666138,0.6741759250941762,True
DF1898_00029_01,DF1898_00034_01,0.5608252882957458,False,25,0.5577117204666138,0.8791631602077129,True
DF1898_00030_01,DF0542_00010_01,0.9731147885322571,False,0,0.7890348434448242,0.9512468061577956,True
DF1898_00030_01,DF0542_00014_01,0.865580141544342,False,3,0.7890348434448242,0.6929016542339679,True
DF1898_00030_01,DF0542_00012_01,0.8242263197898865,False,8,0.7890348434448242,0.6872752650340147,True
DF1898_00032_01,DF0298_00015_01,0.8296866416931152,False,11,0.8116794228553772,0.552228569805905,True
DF1898_00034_01,DF1759_00091_01,0.8559647798538208,False,2,0.8199698328971863,0.5800895450663068,True
DF1898_00037_01,DF0298_00019_01,0.8697043061256409,False,0,0.5884706974029541,0.771262947636375,True
DF1898_00037_01,DF1322_00015_01,0.8343079090118408,False,1,0.5884706974029541,0.570617161775516,True
DF1898_00037_01,DF0542_00023_01,0.8247287273406982,False,2,0.5884706974029541,0.8254955068905512,True
DF1898_00037_01,DF1898_00038_01,0.6920301914215088,False,8,0.5884706974029541,0.8905969747372576,True
DF1898_00037_01,DF1898_00040_01,0.6861249804496765,False,9,0.5884706974029541,0.8072697905500292,True
DF1898_00037_01,DF1898_00042_01,0.6220924258232117,False,11,0.5884706974029541,0.8089638587040985,True
DF1898_00040_01,DF0459_00027_01,0.868848443031311,False,0,0.781524658203125,0.8273530468274595,True
DF1898_00042_01,DF0865_00039_01,0.8742343783378601,False,2,0.8167147636413574,0.5935345673494025,True
DF1898_00045_01,DF0542_00028_01,1.0,False,0,0.5075294971466064,0.9640275800758169,True
DF1898_00045_01,DF0542_00035_01,0.7118762135505676,False,1,0.5075294971466064,0.9271496947187489,True
DF1898_00045_01,DF1898_00050_01,0.6748970746994019,False,3,0.5075294971466064,0.8767007480900508,True
DF1898_00045_01,DF0542_00033_01,0.6533701419830322,False,4,0.5075294971466064,0.8629250139360195,True
DF1898_00045_01,DF0542_00029_01,0.5839529633522034,False,7,0.5075294971466064,0.8591367684019509,True
DF1898_00045_01,DF0542_00031_01,0.5636122226715088,False,12,0.5075294971466064,0.8136365790772591,True
DF1898_00045_01,DF1898_00048_01,0.5478469729423523,False,14,0.5075294971466064,0.8325191895087732,True
DF1898_00046_01,DF1898_00048_01,0.9182740449905396,False,1,0.7928346991539001,0.7968211081623683,True
DF1898_00048_01,DF0542_00029_01,0.9197937250137329,False,0,0.7720105648040771,0.5781424052215739,True
DF1898_00048_01,DF1898_00046_01,0.9182740449905396,False,1,0.7720105648040771,0.7858730758409075,True
DF1898_00050_01,DF0459_00036_01,0.8532156944274902,False,0,0.7712464332580566,0.5826754540268019,True
DF1898_00053_01,DF1898_00056_01,0.6781862378120422,False,1,0.5485852956771851,0.9265992922484516,True
DF1898_00053_01,DF1898_00054_01,0.6520285606384277,False,2,0.5485852956771851,0.906201483640262,True
DF2583_00013_01,DF2583_00017_01,0.6434643864631653,False,0,0.5393975973129272,0.6392094822715546,True
DF2583_00013_01,DF2583_00032_01,0.6379651427268982,False,1,0.5393975973129272,0.5669838166649775,True
DF2583_00013_01,DF2583_00048_01,0.5773261785507202,False,4,0.5393975973129272,0.5852496183281637,True
DF2583_00013_01,DF2583_00032_02,0.5708919763565063,False,7,0.5393975973129272,0.714581736794795,True
DF2583_00013_01,DF2583_00055_01,0.5593690276145935,False,8,0.5393975973129272,0.6701609066723535,True
DF2583_00013_01,DF2583_00023_01,0.5563304424285889,False,10,0.5393975973129272,0.555275546681402,True
DF2583_00013_01,DF2583_00021_01,0.5499730706214905,False,14,0.5393975973129272,0.6423751086336099,True
DF2583_00013_01,DF2583_00014_01,0.5413053035736084,False,18,0.5393975973129272,0.6403631405867115,True
DF2583_00014_01,DF2583_00017_01,0.9291369318962097,False,0,0.756528377532959,0.9047946863801616,True
DF2583_00014_01,DF2583_00021_01,0.8933770060539246,False,1,0.756528377532959,0.8499185509230057,True
DF2583_00014_01,DF2583_00023_01,0.8899106979370117,False,2,0.756528377532959,0.8441246176529621,True
DF2583_00014_01,DF2583_00015_01,0.8843080401420593,False,3,0.756528377532959,0.7751898229242445,True
DF2583_00014_01,DF2583_00019_01,0.8742464780807495,False,4,0.756528377532959,0.8351969938782852,True
DF2583_00015_01,DF2583_00014_01,0.8843080401420593,False,0,0.7581341862678528,0.7858730758409075,True
DF2583_00017_01,DF2583_00014_01,0.9291369318962097,False,0,0.7776562571525574,0.926737266720759,True
DF2583_00017_01,DF2583_00021_01,0.9000927209854126,False,1,0.7776562571525574,0.6188533199928709,True
DF2583_00017_01,DF2583_00023_01,0.8938920497894287,False,2,0.7776562571525574,0.66283396105402,True
DF2583_00017_01,DF2583_00019_01,0.8789360523223877,False,3,0.7776562571525574,0.5935345673494025,True
DF2583_00019_01,DF2583_00014_01,0.8742464780807495,False,1,0.7838687896728516,0.8024548224952512,True
DF2583_00021_01,DF2583_00014_01,0.8933770060539246,False,1,0.777255117893219,0.8575945458562826,True
DF2583_00023_01,DF2583_00014_01,0.8899106979370117,False,1,0.7739285826683044,0.7989502609507118,True
DF2583_00025_01,DF2583_00028_01,0.9356561303138733,False,0,0.8241137266159058,0.9039052827886225,True
DF2583_00025_01,DF2583_00028_02,0.8945035338401794,False,1,0.8241137266159058,0.8291926639956751,True
DF2583_00025_01,DF1759_00087_01,0.8526129126548767,False,4,0.8241137266159058,0.6823487790883801,True
DF2583_00025_01,DF2583_00026_02,0.8375800251960754,False,13,0.8241137266159058,0.8680701247768388,True
DF2583_00025_01,DF1759_00092_01,0.8250453472137451,False,24,0.8241137266159058,0.6537033023977145,True
DF2583_00026_01,DF2583_00025_01,0.818676233291626,False,5,0.7488054037094116,0.7688782521170336,True
DF2583_00026_02,DF2583_00025_01,0.8375800251960754,False,4,0.7690417766571045,0.7854993482144509,True
DF2583_00028_01,DF2583_00025_01,0.9356561303138733,False,0,0.8130566477775574,0.8815794985174281,True
DF2583_00028_01,DF2583_00028_02,0.908014714717865,False,1,0.8130566477775574,0.6636544301526595,True
DF2583_00028_01,DF1759_00087_01,0.8735629916191101,False,2,0.8130566477775574,0.7006887740019478,True
DF2583_00028_01,DF1759_00092_01,0.8455451726913452,False,4,0.8130566477775574,0.7342966044378889,True
DF2583_00028_01,DF2583_00026_02,0.8454526662826538,False,5,0.8130566477775574,0.6345659876529568,True
DF2583_00028_01,DF2583_00026_01,0.837062418460846,False,8,0.8130566477775574,0.5755359408738341,True
DF2583_00028_02,DF2583_00025_01,0.8945035338401794,False,1,0.7886347770690918,0.7817304126500808,True
DF2583_00030_01,DF2583_00025_01,0.8593161702156067,False,0,0.7710996866226196,0.5881315169092611,True
DF2583_00032_01,DF2583_00033_01,0.8248850107192993,False,1,0.7277714610099792,0.8096377491017617,True
DF2583_00032_01,DF2583_00035_01,0.8056614995002747,False,4,0.7277714610099792,0.763229806385665,True
DF2583_00032_01,DF2583_00033_02,0.7985596656799316,False,5,0.7277714610099792,0.6706985276602369,True
DF2583_00032_01,DF2583_00037_02,0.7540515661239624,False,9,0.7277714610099792,0.7176740400350329,True
DF2583_00032_01,DF2583_00037_01,0.7345136404037476,False,13,0.7277714610099792,0.7092843409460777,True
DF2583_00032_02,DF2583_00033_02,0.8180997371673584,False,1,0.7137309908866882,0.8429980429168373,True
DF2583_00032_02,DF2583_00035_01,0.7912840843200684,False,3,0.7137309908866882,0.7744091874342136,True
DF2583_00032_02,DF2583_00033_01,0.7827160358428955,False,4,0.7137309908866882,0.6833911388776917,True
DF2583_00032_02,DF2583_00037_02,0.7579907774925232,False,6,0.7137309908866882,0.6506166194627354,True
DF2583_00032_02,DF2583_00037_01,0.7298821210861206,False,11,0.7137309908866882,0.6423751086336099,True
DF2583_00032_02,DF2583_00039_01,0.7207202911376953,False,15,0.7137309908866882,0.5619934850816934,True
DF2583_00032_03,DF2583_00039_02,0.9216409921646118,False,0,0.7204183340072632,0.8555139955009952,True
DF2583_00032_03,DF2583_00037_02,0.7769891023635864,False,3,0.7204183340072632,0.8372527267752171,True
DF2583_00032_03,DF2583_00035_01,0.7679013013839722,False,5,0.7204183340072632,0.8446851257121556,True
DF2583_00032_03,DF2583_00033_02,0.7610223293304443,False,8,0.7204183340072632,0.8340117032954618,True
DF2583_00032_03,DF2583_00033_01,0.7491178512573242,False,9,0.7204183340072632,0.7862462302697942,True
DF2583_00033_01,DF2583_00033_02,0.9873377084732056,False,0,0.7655462026596069,0.6170423643804198,True
DF2583_00033_01,DF2583_00037_02,0.9085944890975952,False,2,0.7655462026596069,0.7613890140890306,True
DF2583_00033_01,DF2583_00037_01,0.8882735967636108,False,3,0.7655462026596069,0.8298019099859595,True
DF2583_00033_01,DF0298_00020_01,0.7700551152229309,False,18,0.7655462026596069,0.5633282747508814,True
DF2583_00033_02,DF2583_00033_01,0.9873377084732056,False,0,0.7708907723426819,0.7340715196043415,True
DF2583_00033_02,DF2583_00035_01,0.9083850383758545,False,1,0.7708907723426819,0.5566249976025176,True
DF2583_00033_02,DF2583_00037_02,0.9067113399505615,False,2,0.7708907723426819,0.7481544703297354,True
DF2583_00033_02,DF2583_00037_01,0.8840190172195435,False,3,0.7708907723426819,0.7532687512544888,True
DF2583_00033_02,DF0298_00020_01,0.781266450881958,False,16,0.7708907723426819,0.7449121652677501,True
DF2583_00037_01,DF2583_00033_01,0.8882735967636108,False,0,0.7548335790634155,0.6971923479573965,True
DF2583_00037_01,DF0298_00020_01,0.7728252410888672,False,10,0.7548335790634155,0.6149212922772712,True
DF2583_00041_01,DF2583_00044_01,0.9362881779670715,False,0,0.7843186259269714,0.9022844427556502,True
DF2583_00041_01,DF2583_00046_01,0.9360435009002686,False,1,0.7843186259269714,0.8136365790772591,True
DF2583_00041_01,DF1176_00031_01,0.8700842261314392,False,2,0.7843186259269714,0.8229906758601315,True
DF2583_00041_01,DF2583_00042_01,0.8695172071456909,False,3,0.7843186259269714,0.8611690551870048,True
DF2583_00041_01,DF1176_00029_01,0.8515213131904602,False,5,0.7843186259269714,0.7502963596768698,True
DF2583_00042_01,DF2583_00041_01,0.8695172071456909,False,1,0.7182544469833374,0.618250396659691,True
DF2583_00044_01,DF2583_00046_01,0.9724152088165283,False,0,0.7733651995658875,0.7858730758409075,True
DF2583_00044_01,DF2583_00041_01,0.9362881779670715,False,1,0.7733651995658875,0.7472933207187733,True
DF2583_00044_01,DF2583_00042_01,0.8636288642883301,False,2,0.7733651995658875,0.5963735554792423,True
DF2583_00044_01,DF1176_00031_01,0.8381490111351013,False,5,0.7733651995658875,0.7092843409460777,True
DF2583_00046_01,DF2583_00044_01,0.9724152088165283,False,0,0.763983428478241,0.6908653432599117,True
DF2583_00046_01,DF2583_00041_01,0.9360435009002686,False,1,0.763983428478241,0.7102535355908393,True
DF2583_00046_01,DF1176_00031_01,0.831942081451416,False,5,0.763983428478241,0.5979443575280723,True
DF2583_00048_01,DF2583_00051_01,0.9292139410972595,False,0,0.7303134799003601,0.8599020782456465,True
DF2583_00048_01,DF2583_00051_02,0.8790678381919861,False,1,0.7303134799003601,0.8349013954719438,True
DF2583_00048_01,DF2583_00053_01,0.8768192529678345,False,2,0.7303134799003601,0.6194555150142756,True
DF2583_00051_01,DF2583_00048_01,0.9292139410972595,False,0,0.7157192230224609,0.7293073500761905,True
DF2583_00051_02,DF2583_00048_01,0.8790678381919861,False,1,0.7235534191131592,0.7755792552754857,True
DF2583_00053_01,DF2583_00048_01,0.8768192529678345,False,1,0.7331421971321106,0.7011855386531841,True
DF2583_00055_01,DF2583_00058_01,0.8623634576797485,False,0,0.7566227316856384,0.7866188121086976,True
DF2583_00055_01,DF2583_00056_01,0.8359116315841675,False,1,0.7566227316856384,0.8704565980570484,True
DF2583_00055_01,DF2583_00056_02,0.8300125598907471,False,3,0.7566227316856384,0.8360809007587269,True
DF2583_00056_01,DF2583_00055_01,0.8359116315841675,False,1,0.6655512452125549,0.7327176186020845,True
DF2583_00056_02,DF2583_00055_01,0.8300125598907471,False,1,0.7290735244750977,0.737208048844694,True
DF2583_00058_01,DF2583_00055_01,0.8623634576797485,False,0,0.7117198705673218,0.6227545768793805,True
