parent,id_a,id_b,label_a,label_b,jaccard,cosine,vectors_computable,heading_a,heading_b
ROOT,L1_N762e6689,L1_Na2c51463,战略规划与治理,政策扶持与资源保障,0.0,0.0,False,,
ROOT,L1_N762e6689,L1_N32b4d1be,战略规划与治理,基础设施与枢纽建设,0.0,0.0,False,,
ROOT,L1_N762e6689,L1_N40f698d4,战略规划与治理,航线网络与集疏运,0.0,0.0,False,,
ROOT,L1_N762e6689,L1_Ne04d7cfa,战略规划与治理,市场主体与服务培育,0.0,0.0,False,,
ROOT,L1_N762e6689,L1_N6749bde4,战略规划与治理,通关与口岸便利化,0.0,0.0,False,,
ROOT,L1_N762e6689,L1_N8e29a85d,战略规划与治理,产业融合与区域联动,0.0,0.0,False,,
ROOT,L1_N762e6689,L1_N05f93386,战略规划与治理,智慧物流与数字化,0.0,0.0,False,,
ROOT,L1_N762e6689,L1_Nb2e2f536,战略规划与治理,安全韧性与绿色发展,0.0,0.0,False,,
ROOT,L1_Na2c51463,L1_N32b4d1be,政策扶持与资源保障,基础设施与枢纽建设,0.0,0.0,False,,
ROOT,L1_Na2c51463,L1_N40f698d4,政策扶持与资源保障,航线网络与集疏运,0.0,0.0,False,,
ROOT,L1_Na2c51463,L1_Ne04d7cfa,政策扶持与资源保障,市场主体与服务培育,0.0,0.0,False,,
ROOT,L1_Na2c51463,L1_N6749bde4,政策扶持与资源保障,通关与口岸便利化,0.0,0.0,False,,
ROOT,L1_Na2c51463,L1_N8e29a85d,政策扶持与资源保障,产业融合与区域联动,0.0,0.0,False,,
ROOT,L1_Na2c51463,L1_N05f93386,政策扶持与资源保障,智慧物流与数字化,0.0,0.0,False,,
ROOT,L1_Na2c51463,L1_Nb2e2f536,政策扶持与资源保障,安全韧性与绿色发展,0.0,0.0,False,,
ROOT,L1_N32b4d1be,L1_N40f698d4,基础设施与枢纽建设,航线网络与集疏运,0.0,0.0,False,,
ROOT,L1_N32b4d1be,L1_Ne04d7cfa,基础设施与枢纽建设,市场主体与服务培育,0.0,0.0,False,,
ROOT,L1_N32b4d1be,L1_N6749bde4,基础设施与枢纽建设,通关与口岸便利化,0.0,0.0,False,,
ROOT,L1_N32b4d1be,L1_N8e29a85d,基础设施与枢纽建设,产业融合与区域联动,0.0,0.0,False,,
ROOT,L1_N32b4d1be,L1_N05f93386,基础设施与枢纽建设,智慧物流与数字化,0.0,0.0,False,,
ROOT,L1_N32b4d1be,L1_Nb2e2f536,基础设施与枢纽建设,安全韧性与绿色发展,0.0,0.0,False,,
ROOT,L1_N40f698d4,L1_Ne04d7cfa,航线网络与集疏运,市场主体与服务培育,0.0,0.0,False,,
ROOT,L1_N40f698d4,L1_N6749bde4,航线网络与集疏运,通关与口岸便利化,0.0,0.0,False,,
ROOT,L1_N40f698d4,L1_N8e29a85d,航线网络与集疏运,产业融合与区域联动,0.0,0.0,False,,
ROOT,L1_N40f698d4,L1_N05f93386,航线网络与集疏运,智慧物流与数字化,0.0,0.0,False,,
ROOT,L1_N40f698d4,L1_Nb2e2f536,航线网络与集疏运,安全韧性与绿色发展,0.0,0.0,False,,
ROOT,L1_Ne04d7cfa,L1_N6749bde4,市场主体与服务培育,通关与口岸便利化,0.0,0.0,False,,
ROOT,L1_Ne04d7cfa,L1_N8e29a85d,市场主体与服务培育,产业融合与区域联动,0.0,0.0,False,,
ROOT,L1_Ne04d7cfa,L1_N05f93386,市场主体与服务培育,智慧物流与数字化,0.0,0.0,False,,
ROOT,L1_Ne04d7cfa,L1_Nb2e2f536,市场主体与服务培育,安全韧性与绿色发展,0.0,0.0,False,,
ROOT,L1_N6749bde4,L1_N8e29a85d,通关与口岸便利化,产业融合与区域联动,0.0,0.0,False,,
ROOT,L1_N6749bde4,L1_N05f93386,通关与口岸便利化,智慧物流与数字化,0.07692307692307693,0.0,False,,
ROOT,L1_N6749bde4,L1_Nb2e2f536,通关与口岸便利化,安全韧性与绿色发展,0.0,0.0,False,,
ROOT,L1_N8e29a85d,L1_N05f93386,产业融合与区域联动,智慧物流与数字化,0.0,0.0,False,,
ROOT,L1_N8e29a85d,L1_Nb2e2f536,产业融合与区域联动,安全韧性与绿色发展,0.0,0.0,False,,
ROOT,L1_N05f93386,L1_Nb2e2f536,智慧物流与数字化,安全韧性与绿色发展,0.0,0.0,False,,
L1_N762e6689,L2_N4f9516d8,L2_N55fb6992,发展航空经济,规划与顶层设计,0.0,0.42092660069465637,True,,（一）强化战略统筹引领
L2_N55fb6992,L3_N3810ecfd,L3_N5fd9193c,推动区域机场合作,争取民航国家政策支持,0.0,0.7880570888519287,True,（一）强化战略统筹引领,
L2_N55fb6992,L3_N3810ecfd,L3_Na6c4ae61,推动区域机场合作,制订航空枢纽建设专项扶持办法,0.0,0.7990698218345642,True,（一）强化战略统筹引领,（八）加强政策协同创新
L2_N55fb6992,L3_N3810ecfd,L3_N4888066d,推动区域机场合作,强化航空货运枢纽建设项目用地支持,0.0,0.7893315553665161,True,（一）强化战略统筹引领,（八）加强政策协同创新
L2_N55fb6992,L3_N3810ecfd,L3_Nb28e82d6,推动区域机场合作,加强航空货运人才队伍建设,0.0,0.7440001368522644,True,（一）强化战略统筹引领,（八）加强政策协同创新
L2_N55fb6992,L3_N3810ecfd,L3_Ne78d3c45,推动区域机场合作,开展航空货运总体规划研究,0.0,0.7269418239593506,True,（一）强化战略统筹引领,（一）注重规划支撑引领
L2_N55fb6992,L3_N5fd9193c,L3_Na6c4ae61,争取民航国家政策支持,制订航空枢纽建设专项扶持办法,0.09090909090909091,0.8290184140205383,True,,（八）加强政策协同创新
L2_N55fb6992,L3_N5fd9193c,L3_N4888066d,争取民航国家政策支持,强化航空货运枢纽建设项目用地支持,0.13043478260869565,0.8271793127059937,True,,（八）加强政策协同创新
L2_N55fb6992,L3_N5fd9193c,L3_Nb28e82d6,争取民航国家政策支持,加强航空货运人才队伍建设,0.047619047619047616,0.8126981258392334,True,,（八）加强政策协同创新
L2_N55fb6992,L3_N5fd9193c,L3_Ne78d3c45,争取民航国家政策支持,开展航空货运总体规划研究,0.047619047619047616,0.6954064965248108,True,,（一）注重规划支撑引领
L2_N55fb6992,L3_Na6c4ae61,L3_N4888066d,制订航空枢纽建设专项扶持办法,强化航空货运枢纽建设项目用地支持,0.36363636363636365,0.877571165561676,True,（八）加强政策协同创新,（八）加强政策协同创新
L2_N55fb6992,L3_Na6c4ae61,L3_Nb28e82d6,制订航空枢纽建设专项扶持办法,加强航空货运人才队伍建设,0.18181818181818182,0.7940708994865417,True,（八）加强政策协同创新,（八）加强政策协同创新
L2_N55fb6992,L3_Na6c4ae61,L3_Ne78d3c45,制订航空枢纽建设专项扶持办法,开展航空货运总体规划研究,0.08333333333333333,0.7293263077735901,True,（八）加强政策协同创新,（一）注重规划支撑引领
L2_N55fb6992,L3_N4888066d,L3_Nb28e82d6,强化航空货运枢纽建设项目用地支持,加强航空货运人才队伍建设,0.3333333333333333,0.843173086643219,True,（八）加强政策协同创新,（八）加强政策协同创新
L2_N55fb6992,L3_N4888066d,L3_Ne78d3c45,强化航空货运枢纽建设项目用地支持,开展航空货运总体规划研究,0.16666666666666666,0.7659798860549927,True,（八）加强政策协同创新,（一）注重规划支撑引领
L2_N55fb6992,L3_Nb28e82d6,L3_Ne78d3c45,加强航空货运人才队伍建设,开展航空货运总体规划研究,0.2,0.7959288954734802,True,（八）加强政策协同创新,（一）注重规划支撑引领
L1_Na2c51463,L2_Nff3b5230,L1_Na2c51463_BR_8bc9bb,聚集航空物流资源要素,基础设施与资源保障,0.125,0.0,False,,
L1_Na2c51463,L2_Nff3b5230,L1_Na2c51463_BR_09285d,聚集航空物流资源要素,财政扶持与政策激励,0.0,0.0,False,,
L1_Na2c51463,L1_Na2c51463_BR_8bc9bb,L1_Na2c51463_BR_09285d,基础设施与资源保障,财政扶持与政策激励,0.0,0.0,False,,
L2_Nff3b5230,L3_Nfeea0571,L3_N77a3b68b,鼓励新设立国际航空货运转运分拨中心,推进集疏运体系建设,0.08695652173913043,0.5760215520858765,True,,二、强化基础能力保障
L2_Nff3b5230,L3_Nfeea0571,L3_N48dcd88a,鼓励新设立国际航空货运转运分拨中心,助力基地航空公司发展,0.08333333333333333,0.5699477791786194,True,,（一）聚集航空物流资源要素
L2_Nff3b5230,L3_Nfeea0571,L3_N9815851a,鼓励新设立国际航空货运转运分拨中心,培育适航产业,0.047619047619047616,0.5181528329849243,True,,（一）聚集航空物流资源要素
L2_Nff3b5230,L3_N77a3b68b,L3_N48dcd88a,推进集疏运体系建设,助力基地航空公司发展,0.0,0.7518255114555359,True,二、强化基础能力保障,（一）聚集航空物流资源要素
L2_Nff3b5230,L3_N77a3b68b,L3_N9815851a,推进集疏运体系建设,培育适航产业,0.0,0.7168151140213013,True,二、强化基础能力保障,（一）聚集航空物流资源要素
L2_Nff3b5230,L3_N48dcd88a,L3_N9815851a,助力基地航空公司发展,培育适航产业,0.06666666666666667,0.853188157081604,True,（一）聚集航空物流资源要素,（一）聚集航空物流资源要素
L1_Na2c51463_BR_8bc9bb,L2_N9f46f3fd,L2_N53c05738,继续做好航空资源保障,强化基础能力保障,0.125,0.5816635489463806,True,,
L1_Na2c51463_BR_8bc9bb,L2_N9f46f3fd,L2_N5e2fe781,继续做好航空资源保障,加强空地资源保障,0.38461538461538464,0.7321302890777588,True,,
L1_Na2c51463_BR_8bc9bb,L2_N9f46f3fd,L2_Ndf0b5124,继续做好航空资源保障,强化基础能力保障,0.125,0.5816635489463806,True,,
L1_Na2c51463_BR_8bc9bb,L2_N53c05738,L2_N5e2fe781,强化基础能力保障,加强空地资源保障,0.23076923076923078,0.6091168522834778,True,,
L1_Na2c51463_BR_8bc9bb,L2_N53c05738,L2_Ndf0b5124,强化基础能力保障,强化基础能力保障,1.0,1.0,True,,
L1_Na2c51463_BR_8bc9bb,L2_N5e2fe781,L2_Ndf0b5124,加强空地资源保障,强化基础能力保障,0.23076923076923078,0.6091168522834778,True,,
L2_N9f46f3fd,L3_N965cfc12,L3_N8458a8a8,提高航线网络全球通达性,完善航线网络布局,0.26666666666666666,0.8574070930480957,True,（二）加强空地资源保障,（二）强化基础能力保障
L2_N53c05738,L3_Nef0fcc52,L3_N05535c5d,出台新一轮专项扶持政策,加快基础设施建设,0.0,0.7479658722877502,True,（五）不断强化政策引导支持,二、强化基础能力保障
L2_N53c05738,L3_Nef0fcc52,L3_Nb148a883,出台新一轮专项扶持政策,提升设施装备供给水平,0.0,0.6917580366134644,True,（五）不断强化政策引导支持,二、强化基础能力保障
L2_N53c05738,L3_Nef0fcc52,L3_Necbefab2,出台新一轮专项扶持政策,推进基础设施建设,0.0,0.7770483493804932,True,（五）不断强化政策引导支持,（二）强化基础能力保障
L2_N53c05738,L3_Nef0fcc52,L3_N98ef0212,出台新一轮专项扶持政策,优化货物运输组织,0.0,0.6786872148513794,True,（五）不断强化政策引导支持,（二）强化基础能力保障
L2_N53c05738,L3_N05535c5d,L3_Nb148a883,加快基础设施建设,提升设施装备供给水平,0.13333333333333333,0.8701635599136353,True,二、强化基础能力保障,二、强化基础能力保障
L2_N53c05738,L3_N05535c5d,L3_Necbefab2,加快基础设施建设,推进基础设施建设,0.5555555555555556,0.9730455875396729,True,二、强化基础能力保障,（二）强化基础能力保障
L2_N53c05738,L3_N05535c5d,L3_N98ef0212,加快基础设施建设,优化货物运输组织,0.0,0.7847023606300354,True,二、强化基础能力保障,（二）强化基础能力保障
L2_N53c05738,L3_Nb148a883,L3_Necbefab2,提升设施装备供给水平,推进基础设施建设,0.13333333333333333,0.8655809760093689,True,二、强化基础能力保障,（二）强化基础能力保障
L2_N53c05738,L3_Nb148a883,L3_N98ef0212,提升设施装备供给水平,优化货物运输组织,0.0,0.7498412132263184,True,二、强化基础能力保障,（二）强化基础能力保障
L2_N53c05738,L3_Necbefab2,L3_N98ef0212,推进基础设施建设,优化货物运输组织,0.0,0.7873186469078064,True,（二）强化基础能力保障,（二）强化基础能力保障
L2_N5e2fe781,L3_Nea54495c,L3_Nba68b284,加快机场货运重大项目建设,完善机场地区交通集疏运体系,0.13636363636363635,0.8513553142547607,True,（二）加强空地资源保障,（二）加强空地资源保障
L1_Na2c51463_BR_09285d,L2_N33b2d022,L2_Nc21e1f2f,减免口岸及货站操作处置费用,完善财政奖补机制,0.0,0.3292805254459381,True,,（五）加大政策扶持力度
L1_Na2c51463_BR_09285d,L2_N33b2d022,L2_N71ce64b1,减免口岸及货站操作处置费用,争取政策倾斜,0.0,0.3381868600845337,True,,（五）加大政策扶持力度
L1_Na2c51463_BR_09285d,L2_Nc21e1f2f,L2_N71ce64b1,完善财政奖补机制,争取政策倾斜,0.07692307692307693,0.8645172715187073,True,（五）加大政策扶持力度,（五）加大政策扶持力度
L1_N32b4d1be,L2_Nd8a500a1,L2_N0a6e8ca5,加快完善枢纽规划布局,加快推进基础设施建设,0.11764705882352941,0.5888049006462097,True,,
L1_N32b4d1be,L2_Nd8a500a1,L2_Nb22f5139,加快完善枢纽规划布局,全面改善枢纽运营环境,0.17647058823529413,0.7952670454978943,True,,
L1_N32b4d1be,L2_Nd8a500a1,L2_N8228268e,加快完善枢纽规划布局,提升货运设施保障能力,0.0,0.6455193758010864,True,,
L1_N32b4d1be,L2_Nd8a500a1,L2_N3c9cbbd0,加快完善枢纽规划布局,持续夯实机场空侧基础保障,0.0,0.5302019715309143,True,,
L1_N32b4d1be,L2_Nd8a500a1,L2_Nadf8c478,加快完善枢纽规划布局,完善机场货运基础设施,0.1111111111111111,0.6294490694999695,True,,
L1_N32b4d1be,L2_Nd8a500a1,L2_N13abaa5a,加快完善枢纽规划布局,增强货运保障能力,0.0,0.63864666223526,True,,
L1_N32b4d1be,L2_N0a6e8ca5,L2_Nb22f5139,加快推进基础设施建设,全面改善枢纽运营环境,0.0,0.5110156536102295,True,,
L1_N32b4d1be,L2_N0a6e8ca5,L2_N8228268e,加快推进基础设施建设,提升货运设施保障能力,0.11764705882352941,0.592980682849884,True,,
L1_N32b4d1be,L2_N0a6e8ca5,L2_N3c9cbbd0,加快推进基础设施建设,持续夯实机场空侧基础保障,0.10526315789473684,0.45998767018318176,True,,
L1_N32b4d1be,L2_N0a6e8ca5,L2_Nadf8c478,加快推进基础设施建设,完善机场货运基础设施,0.26666666666666666,0.6040453314781189,True,,
L1_N32b4d1be,L2_N0a6e8ca5,L2_N13abaa5a,加快推进基础设施建设,增强货运保障能力,0.0,0.6017232537269592,True,,
L1_N32b4d1be,L2_Nb22f5139,L2_N8228268e,全面改善枢纽运营环境,提升货运设施保障能力,0.05263157894736842,0.6186550259590149,True,,
L1_N32b4d1be,L2_Nb22f5139,L2_N3c9cbbd0,全面改善枢纽运营环境,持续夯实机场空侧基础保障,0.0,0.5652673244476318,True,,
L1_N32b4d1be,L2_Nb22f5139,L2_Nadf8c478,全面改善枢纽运营环境,完善机场货运基础设施,0.1111111111111111,0.5959771275520325,True,,
L1_N32b4d1be,L2_Nb22f5139,L2_N13abaa5a,全面改善枢纽运营环境,增强货运保障能力,0.058823529411764705,0.6140548586845398,True,,
L1_N32b4d1be,L2_N8228268e,L2_N3c9cbbd0,提升货运设施保障能力,持续夯实机场空侧基础保障,0.1,0.5720543265342712,True,,
L1_N32b4d1be,L2_N8228268e,L2_Nadf8c478,提升货运设施保障能力,完善机场货运基础设施,0.25,0.7256746292114258,True,,
L1_N32b4d1be,L2_N8228268e,L2_N13abaa5a,提升货运设施保障能力,增强货运保障能力,0.5,0.8757506012916565,True,,
L1_N32b4d1be,L2_N3c9cbbd0,L2_Nadf8c478,持续夯实机场空侧基础保障,完善机场货运基础设施,0.2222222222222222,0.650784432888031,True,,
L1_N32b4d1be,L2_N3c9cbbd0,L2_N13abaa5a,持续夯实机场空侧基础保障,增强货运保障能力,0.1111111111111111,0.6095154285430908,True,,
L1_N32b4d1be,L2_Nadf8c478,L2_N13abaa5a,完善机场货运基础设施,增强货运保障能力,0.125,0.6845629215240479,True,,
L3_N06f95f57,L4_N30b235c2,L4_N255c1775,推动机场功能定位差异化发展,依托主要运营人推进客货枢纽建设,0.037037037037037035,0.845903217792511,True,二、重点工作任务 > （一）系统推进航空客货枢纽建设,二、重点工作任务 > （一）系统推进航空客货枢纽建设
L3_N06f95f57,L4_N30b235c2,L4_N3220a070,推动机场功能定位差异化发展,打造内畅外联航线网络,0.0,0.8382157683372498,True,二、重点工作任务 > （一）系统推进航空客货枢纽建设,二、重点工作任务 > （一）系统推进航空客货枢纽建设
L3_N06f95f57,L4_N30b235c2,L4_Nc38e3e2b,推动机场功能定位差异化发展,加快补齐核心资源短板,0.0,0.8465182185173035,True,二、重点工作任务 > （一）系统推进航空客货枢纽建设,二、重点工作任务 > （一）系统推进航空客货枢纽建设
L3_N06f95f57,L4_N255c1775,L4_N3220a070,依托主要运营人推进客货枢纽建设,打造内畅外联航线网络,0.0,0.84215247631073,True,二、重点工作任务 > （一）系统推进航空客货枢纽建设,二、重点工作任务 > （一）系统推进航空客货枢纽建设
L3_N06f95f57,L4_N255c1775,L4_Nc38e3e2b,依托主要运营人推进客货枢纽建设,加快补齐核心资源短板,0.0,0.8699241280555725,True,二、重点工作任务 > （一）系统推进航空客货枢纽建设,二、重点工作任务 > （一）系统推进航空客货枢纽建设
L3_N06f95f57,L4_N3220a070,L4_Nc38e3e2b,打造内畅外联航线网络,加快补齐核心资源短板,0.0,0.8542982339859009,True,二、重点工作任务 > （一）系统推进航空客货枢纽建设,二、重点工作任务 > （一）系统推进航空客货枢纽建设
L2_N0a6e8ca5,L3_Nb5312c92,L3_Nb0e7dd4f,加快国际航空物流中心载体建设,加快数字基建建设,0.23529411764705882,0.6962859630584717,True,,（二）增强货运保障能力。
L2_N8228268e,L3_Nd571b089,L3_Na4101ee7,提升装备专业化水平,加强货运设施建设,0.0,0.9024381041526794,True,（一）提升货运设施保障能力。,（二）增强货运保障能力。
L2_N3c9cbbd0,L3_N9ae5e272,L3_N701e7011,统筹一级货站功能,优化空空中转业务,0.0,0.8514604568481445,True,四、持续夯实天津滨海国际机场空侧基础保障,四、持续夯实天津滨海国际机场空侧基础保障
L2_Nadf8c478,L3_N7c0dd099,L3_N252b74e4,强化国际机场货运枢纽地位,拓展航空物流货源市场,0.1,0.8543311357498169,True,三、集中力量建设中国国际航空物流中心,三、集中力量建设中国国际航空物流中心
L2_Nadf8c478,L3_N7c0dd099,L3_N065c586b,强化国际机场货运枢纽地位,引育货运基地航空公司,0.15789473684210525,0.6646056175231934,True,三、集中力量建设中国国际航空物流中心,
L2_Nadf8c478,L3_N252b74e4,L3_N065c586b,拓展航空物流货源市场,引育货运基地航空公司,0.17647058823529413,0.6333116888999939,True,三、集中力量建设中国国际航空物流中心,
L2_N13abaa5a,L3_N2123971e,L3_Ne96a4ba3,完善货运功能配套,增强航空货运基础保障能力,0.17647058823529413,0.845106840133667,True,（二）增强货运保障能力。,二、重点工作任务
L3_Ne96a4ba3,L4_Nf737d76d,L4_N4b0d0e0c,加强地面综合交通能力匹配,优化空港口岸海关指定监管场地布局,0.037037037037037035,0.7751107811927795,True,二、重点工作任务 > （一）系统推进航空客货枢纽建设,二、重点工作任务 > （二）增强航空货运基础保障能力
L3_Ne96a4ba3,L4_Nf737d76d,L4_Nef2378d9,加强地面综合交通能力匹配,丰富空港口岸资质类型,0.0,0.7896783351898193,True,二、重点工作任务 > （一）系统推进航空客货枢纽建设,二、重点工作任务 > （二）增强航空货运基础保障能力
L3_Ne96a4ba3,L4_Nf737d76d,L4_N848f47e5,加强地面综合交通能力匹配,统筹完善机场航空货运保障设施设备,0.0,0.8337209224700928,True,二、重点工作任务 > （一）系统推进航空客货枢纽建设,二、重点工作任务 > （二）增强航空货运基础保障能力
L3_Ne96a4ba3,L4_N4b0d0e0c,L4_Nef2378d9,优化空港口岸海关指定监管场地布局,丰富空港口岸资质类型,0.18181818181818182,0.877320408821106,True,二、重点工作任务 > （二）增强航空货运基础保障能力,二、重点工作任务 > （二）增强航空货运基础保障能力
L3_Ne96a4ba3,L4_N4b0d0e0c,L4_N848f47e5,优化空港口岸海关指定监管场地布局,统筹完善机场航空货运保障设施设备,0.06896551724137931,0.8371899724006653,True,二、重点工作任务 > （二）增强航空货运基础保障能力,二、重点工作任务 > （二）增强航空货运基础保障能力
L3_Ne96a4ba3,L4_Nef2378d9,L4_N848f47e5,丰富空港口岸资质类型,统筹完善机场航空货运保障设施设备,0.041666666666666664,0.8455330729484558,True,二、重点工作任务 > （二）增强航空货运基础保障能力,二、重点工作任务 > （二）增强航空货运基础保障能力
L1_N40f698d4,L1_N40f698d4_BR_a5c559,L1_N40f698d4_BR_374394,航空货运航线网络建设,多式联运与集疏运体系,0.0625,0.0,False,,
L1_N40f698d4,L1_N40f698d4_BR_a5c559,L1_N40f698d4_BR_79999c,航空货运航线网络建设,货运中转与运力提升,0.14285714285714285,0.0,False,,
L1_N40f698d4,L1_N40f698d4_BR_374394,L1_N40f698d4_BR_79999c,多式联运与集疏运体系,货运中转与运力提升,0.07142857142857142,0.0,False,,
L1_N40f698d4_BR_a5c559,L2_N08a346fe,L2_N8c3b0cad,加快构建国际航线网络,构建覆盖全球的货运航线网络,0.375,0.7433913350105286,True,,
L1_N40f698d4_BR_a5c559,L2_N08a346fe,L2_N8e687f9d,加快构建国际航线网络,构建全球航空货运网络,0.3333333333333333,0.6970465183258057,True,,
L1_N40f698d4_BR_a5c559,L2_N08a346fe,L2_Nd0b47c6e,加快构建国际航线网络,构建全球国际航线网络,0.6666666666666666,0.8723752498626709,True,,
L1_N40f698d4_BR_a5c559,L2_N08a346fe,L2_N926fa20a,加快构建国际航线网络,优化拓展货运航线网络,0.25,0.7239189743995667,True,,
L1_N40f698d4_BR_a5c559,L2_N08a346fe,L2_Nbfebbffa,加快构建国际航线网络,构建优质航线网络,0.5,0.805512011051178,True,,
L1_N40f698d4_BR_a5c559,L2_N8c3b0cad,L2_N8e687f9d,构建覆盖全球的货运航线网络,构建全球航空货运网络,0.6923076923076923,0.8424770832061768,True,,
L1_N40f698d4_BR_a5c559,L2_N8c3b0cad,L2_Nd0b47c6e,构建覆盖全球的货运航线网络,构建全球国际航线网络,0.5714285714285714,0.8326282501220703,True,,
L1_N40f698d4_BR_a5c559,L2_N8c3b0cad,L2_N926fa20a,构建覆盖全球的货运航线网络,优化拓展货运航线网络,0.375,0.7864669561386108,True,,
L1_N40f698d4_BR_a5c559,L2_N8c3b0cad,L2_Nbfebbffa,构建覆盖全球的货运航线网络,构建优质航线网络,0.42857142857142855,0.7395887970924377,True,,
L1_N40f698d4_BR_a5c559,L2_N8e687f9d,L2_Nd0b47c6e,构建全球航空货运网络,构建全球国际航线网络,0.5384615384615384,0.8075394034385681,True,,
L1_N40f698d4_BR_a5c559,L2_N8e687f9d,L2_N926fa20a,构建全球航空货运网络,优化拓展货运航线网络,0.3333333333333333,0.7269600033760071,True,,
L1_N40f698d4_BR_a5c559,L2_N8e687f9d,L2_Nbfebbffa,构建全球航空货运网络,构建优质航线网络,0.38461538461538464,0.6576879024505615,True,,
L1_N40f698d4_BR_a5c559,L2_Nd0b47c6e,L2_N926fa20a,构建全球国际航线网络,优化拓展货运航线网络,0.25,0.689163863658905,True,,
L1_N40f698d4_BR_a5c559,L2_Nd0b47c6e,L2_Nbfebbffa,构建全球国际航线网络,构建优质航线网络,0.5,0.8232480883598328,True,,
L1_N40f698d4_BR_a5c559,L2_N926fa20a,L2_Nbfebbffa,优化拓展货运航线网络,构建优质航线网络,0.38461538461538464,0.7364299893379211,True,,
L2_N08a346fe,L3_Ndf8ae654,L3_N86ef6403,完善国际航空货运航线,加大国际航空货运航班时刻供给,0.375,0.9176323413848877,True,,三、构建全球国际航线网络
L2_N08a346fe,L3_Ndf8ae654,L3_Nf3b017a0,完善国际航空货运航线,完善国际货运航线,0.8888888888888888,0.9628044962882996,True,,（一）构建优质航线网络。
L2_N08a346fe,L3_N86ef6403,L3_Nf3b017a0,加大国际航空货运航班时刻供给,完善国际货运航线,0.3125,0.868221640586853,True,三、构建全球国际航线网络,（一）构建优质航线网络。
L3_Nf3b017a0,L4_Nb11795db,L4_Na37f8214,开通和加密贸易密切城市及货源丰富地区航线,引导国际货运航线布局与制造业需求对接,0.0967741935483871,0.8502838611602783,True,（一）构建优质航线网络。 > 1.完善国际货运航线。,（一）构建优质航线网络。 > 1.完善国际货运航线。
L1_N40f698d4_BR_374394,L2_Nb80d9c6e,L2_N2f1afa59,提升航空货运枢纽集疏运能力,丰富多式联运体系,0.05263157894736842,0.4980938136577606,True,,
L1_N40f698d4_BR_374394,L2_Nb80d9c6e,L2_N18198f00,提升航空货运枢纽集疏运能力,畅通机场陆侧货运物流体系,0.09090909090909091,0.709216296672821,True,,
L1_N40f698d4_BR_374394,L2_Nb80d9c6e,L2_Nef4148e3,提升航空货运枢纽集疏运能力,完善多式联运体系,0.05263157894736842,0.6296753287315369,True,,
L1_N40f698d4_BR_374394,L2_N2f1afa59,L2_N18198f00,丰富多式联运体系,畅通机场陆侧货运物流体系,0.17647058823529413,0.5496771931648254,True,,
L1_N40f698d4_BR_374394,L2_N2f1afa59,L2_Nef4148e3,丰富多式联运体系,完善多式联运体系,0.6,0.855515718460083,True,,
L1_N40f698d4_BR_374394,L2_N18198f00,L2_Nef4148e3,畅通机场陆侧货运物流体系,完善多式联运体系,0.17647058823529413,0.6050591468811035,True,,
L2_Nb80d9c6e,L3_Nc5166684,L3_Nab82e98f,提升揽货集货能力,提升中转联运功能,0.25,0.7438345551490784,True,（三）大力拓展货源腹地,
L2_Nb80d9c6e,L3_Nc5166684,L3_N14530829,提升揽货集货能力,增强机场集疏运能力,0.23076923076923078,0.6050543785095215,True,（三）大力拓展货源腹地,五、畅通天津滨海国际机场陆侧货运物流体系
L2_Nb80d9c6e,L3_Nc5166684,L3_Nc97533ee,提升揽货集货能力,引进航司提升运力,0.25,0.7146797776222229,True,（三）大力拓展货源腹地,（一）构建优质航线网络。
L2_Nb80d9c6e,L3_Nab82e98f,L3_N14530829,提升中转联运功能,增强机场集疏运能力,0.13333333333333333,0.6920778155326843,True,,五、畅通天津滨海国际机场陆侧货运物流体系
L2_Nb80d9c6e,L3_Nab82e98f,L3_Nc97533ee,提升中转联运功能,引进航司提升运力,0.23076923076923078,0.7831779718399048,True,,（一）构建优质航线网络。
L2_Nb80d9c6e,L3_N14530829,L3_Nc97533ee,增强机场集疏运能力,引进航司提升运力,0.13333333333333333,0.632600724697113,True,五、畅通天津滨海国际机场陆侧货运物流体系,（一）构建优质航线网络。
L1_N40f698d4_BR_79999c,L2_Nc81ee0b8,L2_N4db8aea7,拓展货源腹地,促进中转货量增长,0.07692307692307693,0.47153687477111816,True,,
L1_N40f698d4_BR_79999c,L2_Nc81ee0b8,L2_Ne4cef915,拓展货源腹地,增加全货机运力,0.08333333333333333,0.43479862809181213,True,,
L1_N40f698d4_BR_79999c,L2_Nc81ee0b8,L2_N3d4844b8,拓展货源腹地,提升航空物流通达能力,0.0,0.3148415982723236,True,,
L1_N40f698d4_BR_79999c,L2_N4db8aea7,L2_Ne4cef915,促进中转货量增长,增加全货机运力,0.15384615384615385,0.63640958070755,True,,
L1_N40f698d4_BR_79999c,L2_N4db8aea7,L2_N3d4844b8,促进中转货量增长,提升航空物流通达能力,0.0,0.6017862558364868,True,,
L1_N40f698d4_BR_79999c,L2_Ne4cef915,L2_N3d4844b8,增加全货机运力,提升航空物流通达能力,0.0625,0.6939293146133423,True,,
L2_N4db8aea7,L3_N9d8779ad,L3_Nf50b9a9d,提升国际货运中转功能,推进临空经济发展,0.0,0.7571851015090942,True,,（三）大力拓展货源腹地
L2_N4db8aea7,L3_N9d8779ad,L3_N82cdf37d,提升国际货运中转功能,做大空空中转业务,0.13333333333333333,0.8192954659461975,True,,（四）丰富多式联运体系
L2_N4db8aea7,L3_Nf50b9a9d,L3_N82cdf37d,推进临空经济发展,做大空空中转业务,0.07142857142857142,0.764404833316803,True,（三）大力拓展货源腹地,（四）丰富多式联运体系
L2_Ne4cef915,L3_N9a2b3002,L3_Nbccd8d12,鼓励航空货运市场主体开行全货机定期航线,增加机场高峰小时容量,0.08,0.556011438369751,True,,（五）提升航空物流通达能力
L1_Ne04d7cfa,L2_Ncb44b1ac,L1_Ne04d7cfa_BR_d01225,增强市场培育组织能力,市场主体培育与引进,0.2857142857142857,0.0,False,,
L1_Ne04d7cfa,L2_Ncb44b1ac,L1_Ne04d7cfa_BR_8e5e4b,增强市场培育组织能力,市场业务拓展与货源组织,0.25,0.0,False,,
L1_Ne04d7cfa,L2_Ncb44b1ac,L1_Ne04d7cfa_BR_c88c78,增强市场培育组织能力,服务保障与营商环境优化,0.0,0.0,False,,
L1_Ne04d7cfa,L1_Ne04d7cfa_BR_d01225,L1_Ne04d7cfa_BR_8e5e4b,市场主体培育与引进,市场业务拓展与货源组织,0.125,0.0,False,,
L1_Ne04d7cfa,L1_Ne04d7cfa_BR_d01225,L1_Ne04d7cfa_BR_c88c78,市场主体培育与引进,服务保障与营商环境优化,0.0,0.0,False,,
L1_Ne04d7cfa,L1_Ne04d7cfa_BR_8e5e4b,L1_Ne04d7cfa_BR_c88c78,市场业务拓展与货源组织,服务保障与营商环境优化,0.05263157894736842,0.0,False,,
L1_Ne04d7cfa_BR_d01225,L2_N466127b4,L2_N9afe10a9,培育多元经营主体,培育市场主体,0.4,0.6979410648345947,True,,
L1_Ne04d7cfa_BR_d01225,L2_N466127b4,L2_N6a61e567,培育多元经营主体,强化市场培育,0.16666666666666666,0.6430999040603638,True,,
L1_Ne04d7cfa_BR_d01225,L2_N466127b4,L2_N172cd711,培育多元经营主体,集聚优质市场主体,0.14285714285714285,0.6681273579597473,True,,
L1_Ne04d7cfa_BR_d01225,L2_N466127b4,L2_N3782a8fc,培育多元经营主体,培育关键市场主体,0.3333333333333333,0.6886967420578003,True,,
L1_Ne04d7cfa_BR_d01225,L2_N466127b4,L2_Naaad89dc,培育多元经营主体,引入关键市场主体,0.14285714285714285,0.6034488081932068,True,,
L1_Ne04d7cfa_BR_d01225,L2_N466127b4,L2_Nd16c2854,培育多元经营主体,加强市场主体培育,0.3333333333333333,0.6616847515106201,True,,
L1_Ne04d7cfa_BR_d01225,L2_N9afe10a9,L2_N6a61e567,培育市场主体,强化市场培育,0.5,0.6895701289176941,True,,
L1_Ne04d7cfa_BR_d01225,L2_N9afe10a9,L2_N172cd711,培育市场主体,集聚优质市场主体,0.4,0.7888617515563965,True,,
L1_Ne04d7cfa_BR_d01225,L2_N9afe10a9,L2_N3782a8fc,培育市场主体,培育关键市场主体,0.75,0.8366410732269287,True,,
L1_Ne04d7cfa_BR_d01225,L2_N9afe10a9,L2_Naaad89dc,培育市场主体,引入关键市场主体,0.4,0.7273114323616028,True,,
L1_Ne04d7cfa_BR_d01225,L2_N9afe10a9,L2_Nd16c2854,培育市场主体,加强市场主体培育,0.75,0.8696648478507996,True,,
L1_Ne04d7cfa_BR_d01225,L2_N6a61e567,L2_N172cd711,强化市场培育,集聚优质市场主体,0.16666666666666666,0.686626136302948,True,,
L1_Ne04d7cfa_BR_d01225,L2_N6a61e567,L2_N3782a8fc,强化市场培育,培育关键市场主体,0.4,0.7487349510192871,True,,
L1_Ne04d7cfa_BR_d01225,L2_N6a61e567,L2_Naaad89dc,强化市场培育,引入关键市场主体,0.16666666666666666,0.6484323143959045,True,,
L1_Ne04d7cfa_BR_d01225,L2_N6a61e567,L2_Nd16c2854,强化市场培育,加强市场主体培育,0.5555555555555556,0.8246219754219055,True,,
L1_Ne04d7cfa_BR_d01225,L2_N172cd711,L2_N3782a8fc,集聚优质市场主体,培育关键市场主体,0.3333333333333333,0.8027973175048828,True,,
L1_Ne04d7cfa_BR_d01225,L2_N172cd711,L2_Naaad89dc,集聚优质市场主体,引入关键市场主体,0.3333333333333333,0.7228538990020752,True,,
L1_Ne04d7cfa_BR_d01225,L2_N172cd711,L2_Nd16c2854,集聚优质市场主体,加强市场主体培育,0.3333333333333333,0.8081825971603394,True,,
L1_Ne04d7cfa_BR_d01225,L2_N3782a8fc,L2_Naaad89dc,培育关键市场主体,引入关键市场主体,0.6,0.8230826258659363,True,,
L1_Ne04d7cfa_BR_d01225,L2_N3782a8fc,L2_Nd16c2854,培育关键市场主体,加强市场主体培育,0.6,0.8343782424926758,True,,
L1_Ne04d7cfa_BR_d01225,L2_Naaad89dc,L2_Nd16c2854,引入关键市场主体,加强市场主体培育,0.3333333333333333,0.7541007995605469,True,,
L2_N6a61e567,L3_N33c0e278,L3_Nb2d030f0,引进培育总部型货代企业,培育物流龙头企业,0.26666666666666666,0.8132940530776978,True,（二）着力培育市场主体,（三）增强市场培育组织能力。
L2_N6a61e567,L3_N33c0e278,L3_N8aed76e2,引进培育总部型货代企业,引进培育货运龙头企业,0.5,0.8559005260467529,True,（二）着力培育市场主体,
L2_N6a61e567,L3_Nb2d030f0,L3_N8aed76e2,培育物流龙头企业,引进培育货运龙头企业,0.5,0.8949419856071472,True,（三）增强市场培育组织能力。,
L2_N172cd711,L3_N133b0ed2,L3_N9a9d4b5c,推进集疏运体系建设,支持多元市场主体发展,0.05555555555555555,0.7305572032928467,True,（四）持续提升服务保障能力,（三）集聚优质市场主体
L2_Nd16c2854,L3_N2d02331f,L3_Nf8bb4ea7,鼓励市场主体加强货运能力建设,加强集疏运体系建设,0.35294117647058826,0.8742262125015259,True,（三）集聚优质市场主体,（三）加强市场主体培育
L2_Nd16c2854,L3_N2d02331f,L3_Ncc6e46eb,鼓励市场主体加强货运能力建设,加强市场推介和招商,0.2222222222222222,0.707481861114502,True,（三）集聚优质市场主体,二、重点工作任务
L2_Nd16c2854,L3_Nf8bb4ea7,L3_Ncc6e46eb,加强集疏运体系建设,加强市场推介和招商,0.13333333333333333,0.7435880303382874,True,（三）加强市场主体培育,二、重点工作任务
L3_Ncc6e46eb,L4_N162d5723,L4_Nd788e769,加强国内外航空货运市场推介,加强国内外航空货运市场招商,0.7333333333333333,0.9870835542678833,True,二、重点工作任务 > （三）加强市场推介和招商，大力拓展货源,二、重点工作任务 > （三）加强市场推介和招商，大力拓展货源
L1_Ne04d7cfa_BR_8e5e4b,L2_N1f3bd9b5,L2_N9ef25cc0,拓展增量市场业务,促进航空货量增长,0.14285714285714285,0.5116843581199646,True,,
L1_Ne04d7cfa_BR_8e5e4b,L2_N1f3bd9b5,L2_N74b249c8,拓展增量市场业务,拓展增量市场业务,1.0,0.9999992847442627,True,,
L1_Ne04d7cfa_BR_8e5e4b,L2_N1f3bd9b5,L2_Nd39445b0,拓展增量市场业务,开拓航空物流新兴业态,0.125,0.3750546872615814,True,,
L1_Ne04d7cfa_BR_8e5e4b,L2_N1f3bd9b5,L2_N68c2aa93,拓展增量市场业务,提升货源组织能力,0.0,0.4674832820892334,True,,
L1_Ne04d7cfa_BR_8e5e4b,L2_N9ef25cc0,L2_N74b249c8,促进航空货量增长,拓展增量市场业务,0.14285714285714285,0.511669933795929,True,,
L1_Ne04d7cfa_BR_8e5e4b,L2_N9ef25cc0,L2_Nd39445b0,促进航空货量增长,开拓航空物流新兴业态,0.125,0.5344122648239136,True,,
L1_Ne04d7cfa_BR_8e5e4b,L2_N9ef25cc0,L2_N68c2aa93,促进航空货量增长,提升货源组织能力,0.06666666666666667,0.4774736762046814,True,,
L1_Ne04d7cfa_BR_8e5e4b,L2_N74b249c8,L2_Nd39445b0,拓展增量市场业务,开拓航空物流新兴业态,0.125,0.3750191628932953,True,,
L1_Ne04d7cfa_BR_8e5e4b,L2_N74b249c8,L2_N68c2aa93,拓展增量市场业务,提升货源组织能力,0.0,0.467415452003479,True,,
L1_Ne04d7cfa_BR_8e5e4b,L2_Nd39445b0,L2_N68c2aa93,开拓航空物流新兴业态,提升货源组织能力,0.0,0.361281156539917,True,,
L2_N9ef25cc0,L3_N571de1aa,L3_Nd77a7607,招引货运航空公司,鼓励航空货运市场主体向机场集货,0.23529411764705882,0.6323783993721008,True,（二）着力培育市场主体,
L2_N9ef25cc0,L3_N571de1aa,L3_N69b20189,招引货运航空公司,鼓励新设立基地货运航空公司,0.4,0.6248372793197632,True,（二）着力培育市场主体,
L2_N9ef25cc0,L3_N571de1aa,L3_Nf61090c5,招引货运航空公司,推进临空经济发展,0.06666666666666667,0.733858048915863,True,（二）着力培育市场主体,
L2_N9ef25cc0,L3_N571de1aa,L3_Nc594b785,招引货运航空公司,拓展航空货运细分领域,0.2857142857142857,0.8290963172912598,True,（二）着力培育市场主体,（四）拓展增量市场业务
L2_N9ef25cc0,L3_Nd77a7607,L3_N69b20189,鼓励航空货运市场主体向机场集货,鼓励新设立基地货运航空公司,0.3,0.6915010809898376,True,,
L2_N9ef25cc0,L3_Nd77a7607,L3_Nf61090c5,鼓励航空货运市场主体向机场集货,推进临空经济发展,0.05,0.5446135997772217,True,,
L2_N9ef25cc0,L3_Nd77a7607,L3_Nc594b785,鼓励航空货运市场主体向机场集货,拓展航空货运细分领域,0.21052631578947367,0.619269073009491,True,,（四）拓展增量市场业务
L2_N9ef25cc0,L3_N69b20189,L3_Nf61090c5,鼓励新设立基地货运航空公司,推进临空经济发展,0.05,0.4939786493778229,True,,
L2_N9ef25cc0,L3_N69b20189,L3_Nc594b785,鼓励新设立基地货运航空公司,拓展航空货运细分领域,0.21052631578947367,0.5834609866142273,True,,（四）拓展增量市场业务
L2_N9ef25cc0,L3_Nf61090c5,L3_Nc594b785,推进临空经济发展,拓展航空货运细分领域,0.125,0.7444267272949219,True,,（四）拓展增量市场业务
L3_Nc594b785,L4_N94978a33,L4_Ne0f95b19,提升客机腹舱货邮量,推进航空敏感货物运输业务,0.05,0.8582297563552856,True,二、重点工作任务 > （三）加强市场推介和招商，大力拓展货源,二、重点工作任务 > （三）加强市场推介和招商，大力拓展货源
L2_Nd39445b0,L3_N595f8c05,L3_Nd551ce89,逐步完善冷链物流产业,发展航空中转集拼业务,0.05263157894736842,0.8378596305847168,True,六、大力开拓航空物流新兴业态,六、大力开拓航空物流新兴业态
L2_Nd39445b0,L3_N595f8c05,L3_N29e43ee4,逐步完善冷链物流产业,建设货运包机运营基地,0.0,0.7955102324485779,True,六、大力开拓航空物流新兴业态,六、大力开拓航空物流新兴业态
L2_Nd39445b0,L3_Nd551ce89,L3_N29e43ee4,发展航空中转集拼业务,建设货运包机运营基地,0.0,0.8151108026504517,True,六、大力开拓航空物流新兴业态,六、大力开拓航空物流新兴业态
L3_N595f8c05,L4_N7d2d45d8,L4_N29154f31,推进冷链物流基础设施建设,完善冷链物流标准化体系,0.2222222222222222,0.973670244216919,True,六、大力开拓航空物流新兴业态 > （一）逐步完善冷链物流产业,
L3_N595f8c05,L4_N7d2d45d8,L4_N57fcf49b,推进冷链物流基础设施建设,完善冷链物流监管,0.26666666666666666,0.9677716493606567,True,六、大力开拓航空物流新兴业态 > （一）逐步完善冷链物流产业,六、大力开拓航空物流新兴业态 > （一）逐步完善冷链物流产业
L3_N595f8c05,L4_N7d2d45d8,L4_N532a82ae,推进冷链物流基础设施建设,完善冷链物流溯源,0.26666666666666666,0.9571693539619446,True,六、大力开拓航空物流新兴业态 > （一）逐步完善冷链物流产业,六、大力开拓航空物流新兴业态 > （一）逐步完善冷链物流产业
L3_N595f8c05,L4_N29154f31,L4_N57fcf49b,完善冷链物流标准化体系,完善冷链物流监管,0.46153846153846156,0.9760243892669678,True,,六、大力开拓航空物流新兴业态 > （一）逐步完善冷链物流产业
L3_N595f8c05,L4_N29154f31,L4_N532a82ae,完善冷链物流标准化体系,完善冷链物流溯源,0.46153846153846156,0.9654455780982971,True,,六、大力开拓航空物流新兴业态 > （一）逐步完善冷链物流产业
L3_N595f8c05,L4_N57fcf49b,L4_N532a82ae,完善冷链物流监管,完善冷链物流溯源,0.6,0.9705179333686829,True,六、大力开拓航空物流新兴业态 > （一）逐步完善冷链物流产业,六、大力开拓航空物流新兴业态 > （一）逐步完善冷链物流产业
L3_Nd551ce89,L4_Nea83b034,L4_N0e93e380,加快中转硬件设施配套,加强同制造业融合发展,0.05263157894736842,0.8535385131835938,True,,六、大力开拓航空物流新兴业态 > （五）进一步优化供应链管理
L2_N68c2aa93,L3_Nafdd44e6,L3_N071b8d1d,提升运力供给水平,强化货源组织调度,0.0,0.8972463607788086,True,,（三）加强市场主体培育
L2_N68c2aa93,L3_Nafdd44e6,L3_Naeed249a,提升运力供给水平,拓展货源,0.0,0.7484378814697266,True,,二、重点工作任务
L2_N68c2aa93,L3_N071b8d1d,L3_Naeed249a,强化货源组织调度,拓展货源,0.2,0.7679322957992554,True,（三）加强市场主体培育,二、重点工作任务
L1_Ne04d7cfa_BR_c88c78,L2_Nbd50000d,L2_Nf64b0b03,持续提升服务保障能力,提高物流服务保障效率,0.3333333333333333,0.710053563117981,True,,
L1_Ne04d7cfa_BR_c88c78,L2_Nbd50000d,L2_N0700f788,持续提升服务保障能力,提升服务管理水平,0.2857142857142857,0.7021893858909607,True,,
L1_Ne04d7cfa_BR_c88c78,L2_Nbd50000d,L2_N2f32c229,持续提升服务保障能力,增强航空物流服务能力,0.25,0.6522602438926697,True,,
L1_Ne04d7cfa_BR_c88c78,L2_Nbd50000d,L2_N45ccbfbf,持续提升服务保障能力,提升服务管理水平,0.2857142857142857,0.7021893858909607,True,,
L1_Ne04d7cfa_BR_c88c78,L2_Nbd50000d,L2_Nbec5a9c5,持续提升服务保障能力,优化营商环境,0.0,0.6220215559005737,True,,
L1_Ne04d7cfa_BR_c88c78,L2_Nf64b0b03,L2_N0700f788,提高物流服务保障效率,提升服务管理水平,0.2,0.6213878393173218,True,,
L1_Ne04d7cfa_BR_c88c78,L2_Nf64b0b03,L2_N2f32c229,提高物流服务保障效率,增强航空物流服务能力,0.25,0.7131564617156982,True,,
L1_Ne04d7cfa_BR_c88c78,L2_Nf64b0b03,L2_N45ccbfbf,提高物流服务保障效率,提升服务管理水平,0.2,0.6213878393173218,True,,
L1_Ne04d7cfa_BR_c88c78,L2_Nf64b0b03,L2_Nbec5a9c5,提高物流服务保障效率,优化营商环境,0.0,0.5781795978546143,True,,
L1_Ne04d7cfa_BR_c88c78,L2_N0700f788,L2_N2f32c229,提升服务管理水平,增强航空物流服务能力,0.125,0.5259354114532471,True,,
L1_Ne04d7cfa_BR_c88c78,L2_N0700f788,L2_N45ccbfbf,提升服务管理水平,提升服务管理水平,1.0,1.0000001192092896,True,,
L1_Ne04d7cfa_BR_c88c78,L2_N0700f788,L2_Nbec5a9c5,提升服务管理水平,优化营商环境,0.0,0.6068540811538696,True,,
L1_Ne04d7cfa_BR_c88c78,L2_N2f32c229,L2_N45ccbfbf,增强航空物流服务能力,提升服务管理水平,0.125,0.5259354114532471,True,,
L1_Ne04d7cfa_BR_c88c78,L2_N2f32c229,L2_Nbec5a9c5,增强航空物流服务能力,优化营商环境,0.0,0.5500196218490601,True,,
L1_Ne04d7cfa_BR_c88c78,L2_N45ccbfbf,L2_Nbec5a9c5,提升服务管理水平,优化营商环境,0.0,0.6068540811538696,True,,
L2_Nf64b0b03,L3_N62ed0091,L3_N9c47a867,推进智慧物流建设,推进智慧物流建设,1.0,0.9358461499214172,True,（四）提高物流服务保障效率。,五、提升服务管理水平
L2_N0700f788,L3_N5383b7aa,L3_N888d7345,创新发展管理模式,提升通关服务效率,0.0,0.7890182733535767,True,五、提升服务管理水平,（四）提升服务管理水平
L2_N2f32c229,L3_N07990008,L3_Na5cf0ba6,加快机场基础设施建设,完善航空物流配套设施,0.11764705882352941,0.8824797868728638,True,（四）持续提升服务保障能力,（四）持续提升服务保障能力
L2_N2f32c229,L3_N07990008,L3_N970e9205,加快机场基础设施建设,加快国际航空物流中心载体建设,0.21052631578947367,0.8669944405555725,True,（四）持续提升服务保障能力,
L2_N2f32c229,L3_Na5cf0ba6,L3_N970e9205,完善航空物流配套设施,加快国际航空物流中心载体建设,0.2631578947368421,0.9119037389755249,True,（四）持续提升服务保障能力,
L2_Nbec5a9c5,L3_Nbec5a9c5,L3_Nb394347b,打造高效便利的营商环境,优化简化安检流程,0.0,0.7814052104949951,True,,（四）提高物流服务保障效率。
L2_Nbec5a9c5,L3_Nbec5a9c5,L3_N22d9d7b1,打造高效便利的营商环境,提升口岸通关效率,0.058823529411764705,0.8437386155128479,True,,（四）提高物流服务保障效率。
L2_Nbec5a9c5,L3_Nbec5a9c5,L3_N578f3b8a,打造高效便利的营商环境,提升跨境电子商务国际货运服务能力,0.08695652173913043,0.7575516104698181,True,,五、提升服务管理水平
L2_Nbec5a9c5,L3_Nbec5a9c5,L3_N607e22c3,打造高效便利的营商环境,大力发展货运中转业务,0.0,0.7288480997085571,True,,
L2_Nbec5a9c5,L3_Nbec5a9c5,L3_N18ada171,打造高效便利的营商环境,推进跨境电商发展,0.125,0.6671250462532043,True,,六、大力开拓航空物流新兴业态
L2_Nbec5a9c5,L3_Nbec5a9c5,L3_N640a2992,打造高效便利的营商环境,优化供应链管理,0.0,0.647668182849884,True,,六、大力开拓航空物流新兴业态
L2_Nbec5a9c5,L3_Nbec5a9c5,L3_N0f65b0c3,打造高效便利的营商环境,丰富货运参与主体,0.0,0.7051500082015991,True,,（三）提升货源组织能力。
L2_Nbec5a9c5,L3_Nbec5a9c5,L3_N65606e29,打造高效便利的营商环境,强化陆运集货网络,0.0,0.6436392068862915,True,,（三）提升货源组织能力。
L2_Nbec5a9c5,L3_Nbec5a9c5,L3_Nd290d812,打造高效便利的营商环境,探索开展多式联运,0.0,0.6986961960792542,True,,（三）提升货源组织能力。
L2_Nbec5a9c5,L3_Nbec5a9c5,L3_N0362ceea,打造高效便利的营商环境,加快完善口岸功能,0.0,0.8322145342826843,True,,（四）提升服务管理水平
L2_Nbec5a9c5,L3_Nbec5a9c5,L3_Ne7b47d1e,打造高效便利的营商环境,优化口岸营商环境,0.2857142857142857,0.9091952443122864,True,,（四）提升服务管理水平
L2_Nbec5a9c5,L3_Nb394347b,L3_N22d9d7b1,优化简化安检流程,提升口岸通关效率,0.0,0.8655582070350647,True,（四）提高物流服务保障效率。,（四）提高物流服务保障效率。
L2_Nbec5a9c5,L3_Nb394347b,L3_N578f3b8a,优化简化安检流程,提升跨境电子商务国际货运服务能力,0.0,0.7038265466690063,True,（四）提高物流服务保障效率。,五、提升服务管理水平
L2_Nbec5a9c5,L3_Nb394347b,L3_N607e22c3,优化简化安检流程,大力发展货运中转业务,0.0,0.7751418352127075,True,（四）提高物流服务保障效率。,
L2_Nbec5a9c5,L3_Nb394347b,L3_N18ada171,优化简化安检流程,推进跨境电商发展,0.0,0.6960317492485046,True,（四）提高物流服务保障效率。,六、大力开拓航空物流新兴业态
L2_Nbec5a9c5,L3_Nb394347b,L3_N640a2992,优化简化安检流程,优化供应链管理,0.16666666666666666,0.7126403450965881,True,（四）提高物流服务保障效率。,六、大力开拓航空物流新兴业态
L2_Nbec5a9c5,L3_Nb394347b,L3_N0f65b0c3,优化简化安检流程,丰富货运参与主体,0.0,0.7523683309555054,True,（四）提高物流服务保障效率。,（三）提升货源组织能力。
L2_Nbec5a9c5,L3_Nb394347b,L3_N65606e29,优化简化安检流程,强化陆运集货网络,0.07142857142857142,0.7109717726707458,True,（四）提高物流服务保障效率。,（三）提升货源组织能力。
L2_Nbec5a9c5,L3_Nb394347b,L3_Nd290d812,优化简化安检流程,探索开展多式联运,0.0,0.759405791759491,True,（四）提高物流服务保障效率。,（三）提升货源组织能力。
L2_Nbec5a9c5,L3_Nb394347b,L3_N0362ceea,优化简化安检流程,加快完善口岸功能,0.0,0.8112578392028809,True,（四）提高物流服务保障效率。,（四）提升服务管理水平
L2_Nbec5a9c5,L3_Nb394347b,L3_Ne7b47d1e,优化简化安检流程,优化口岸营商环境,0.15384615384615385,0.8063077926635742,True,（四）提高物流服务保障效率。,（四）提升服务管理水平
L2_Nbec5a9c5,L3_N22d9d7b1,L3_N578f3b8a,提升口岸通关效率,提升跨境电子商务国际货运服务能力,0.09523809523809523,0.7629187107086182,True,（四）提高物流服务保障效率。,五、提升服务管理水平
L2_Nbec5a9c5,L3_N22d9d7b1,L3_N607e22c3,提升口岸通关效率,大力发展货运中转业务,0.0,0.8032329082489014,True,（四）提高物流服务保障效率。,
L2_Nbec5a9c5,L3_N22d9d7b1,L3_N18ada171,提升口岸通关效率,推进跨境电商发展,0.0,0.7214952111244202,True,（四）提高物流服务保障效率。,六、大力开拓航空物流新兴业态
L2_Nbec5a9c5,L3_N22d9d7b1,L3_N640a2992,提升口岸通关效率,优化供应链管理,0.0,0.6607254147529602,True,（四）提高物流服务保障效率。,六、大力开拓航空物流新兴业态
L2_Nbec5a9c5,L3_N22d9d7b1,L3_N0f65b0c3,提升口岸通关效率,丰富货运参与主体,0.0,0.7707104086875916,True,（四）提高物流服务保障效率。,（三）提升货源组织能力。
L2_Nbec5a9c5,L3_N22d9d7b1,L3_N65606e29,提升口岸通关效率,强化陆运集货网络,0.0,0.7173013091087341,True,（四）提高物流服务保障效率。,（三）提升货源组织能力。
L2_Nbec5a9c5,L3_N22d9d7b1,L3_Nd290d812,提升口岸通关效率,探索开展多式联运,0.0,0.7812898755073547,True,（四）提高物流服务保障效率。,（三）提升货源组织能力。
L2_Nbec5a9c5,L3_N22d9d7b1,L3_N0362ceea,提升口岸通关效率,加快完善口岸功能,0.14285714285714285,0.9145717024803162,True,（四）提高物流服务保障效率。,（四）提升服务管理水平
L2_Nbec5a9c5,L3_N22d9d7b1,L3_Ne7b47d1e,提升口岸通关效率,优化口岸营商环境,0.14285714285714285,0.8907809257507324,True,（四）提高物流服务保障效率。,（四）提升服务管理水平
L2_Nbec5a9c5,L3_N578f3b8a,L3_N607e22c3,提升跨境电子商务国际货运服务能力,大力发展货运中转业务,0.19047619047619047,0.7789719104766846,True,五、提升服务管理水平,
L2_Nbec5a9c5,L3_N578f3b8a,L3_N18ada171,提升跨境电子商务国际货运服务能力,推进跨境电商发展,0.21052631578947367,0.7781673073768616,True,五、提升服务管理水平,六、大力开拓航空物流新兴业态
L2_Nbec5a9c5,L3_N578f3b8a,L3_N640a2992,提升跨境电子商务国际货运服务能力,优化供应链管理,0.0,0.6696239709854126,True,五、提升服务管理水平,六、大力开拓航空物流新兴业态
L2_Nbec5a9c5,L3_N578f3b8a,L3_N0f65b0c3,提升跨境电子商务国际货运服务能力,丰富货运参与主体,0.1,0.778378427028656,True,五、提升服务管理水平,（三）提升货源组织能力。
L2_Nbec5a9c5,L3_N578f3b8a,L3_N65606e29,提升跨境电子商务国际货运服务能力,强化陆运集货网络,0.09523809523809523,0.7455767393112183,True,五、提升服务管理水平,（三）提升货源组织能力。
L2_Nbec5a9c5,L3_N578f3b8a,L3_Nd290d812,提升跨境电子商务国际货运服务能力,探索开展多式联运,0.045454545454545456,0.7585521340370178,True,五、提升服务管理水平,（三）提升货源组织能力。
L2_Nbec5a9c5,L3_N578f3b8a,L3_N0362ceea,提升跨境电子商务国际货运服务能力,加快完善口岸功能,0.045454545454545456,0.7651108503341675,True,五、提升服务管理水平,（四）提升服务管理水平
L2_Nbec5a9c5,L3_N578f3b8a,L3_Ne7b47d1e,提升跨境电子商务国际货运服务能力,优化口岸营商环境,0.09523809523809523,0.7664598226547241,True,五、提升服务管理水平,（四）提升服务管理水平
L2_Nbec5a9c5,L3_N607e22c3,L3_N18ada171,大力发展货运中转业务,推进跨境电商发展,0.125,0.7705409526824951,True,,六、大力开拓航空物流新兴业态
L2_Nbec5a9c5,L3_N607e22c3,L3_N640a2992,大力发展货运中转业务,优化供应链管理,0.0,0.7536047101020813,True,,六、大力开拓航空物流新兴业态
L2_Nbec5a9c5,L3_N607e22c3,L3_N0f65b0c3,大力发展货运中转业务,丰富货运参与主体,0.13333333333333333,0.8667726516723633,True,,（三）提升货源组织能力。
L2_Nbec5a9c5,L3_N607e22c3,L3_N65606e29,大力发展货运中转业务,强化陆运集货网络,0.125,0.833509624004364,True,,（三）提升货源组织能力。
L2_Nbec5a9c5,L3_N607e22c3,L3_Nd290d812,大力发展货运中转业务,探索开展多式联运,0.125,0.9010145664215088,True,,（三）提升货源组织能力。
L2_Nbec5a9c5,L3_N607e22c3,L3_N0362ceea,大力发展货运中转业务,加快完善口岸功能,0.0,0.778446614742279,True,,（四）提升服务管理水平
L2_Nbec5a9c5,L3_N607e22c3,L3_Ne7b47d1e,大力发展货运中转业务,优化口岸营商环境,0.0,0.7644798755645752,True,,（四）提升服务管理水平
L2_Nbec5a9c5,L3_N18ada171,L3_N640a2992,推进跨境电商发展,优化供应链管理,0.0,0.8266710638999939,True,六、大力开拓航空物流新兴业态,六、大力开拓航空物流新兴业态
L2_Nbec5a9c5,L3_N18ada171,L3_N0f65b0c3,推进跨境电商发展,丰富货运参与主体,0.0,0.7033640742301941,True,六、大力开拓航空物流新兴业态,（三）提升货源组织能力。
L2_Nbec5a9c5,L3_N18ada171,L3_N65606e29,推进跨境电商发展,强化陆运集货网络,0.0,0.6576148867607117,True,六、大力开拓航空物流新兴业态,（三）提升货源组织能力。
L2_Nbec5a9c5,L3_N18ada171,L3_Nd290d812,推进跨境电商发展,探索开展多式联运,0.06666666666666667,0.710769772529602,True,六、大力开拓航空物流新兴业态,（三）提升货源组织能力。
L2_Nbec5a9c5,L3_N18ada171,L3_N0362ceea,推进跨境电商发展,加快完善口岸功能,0.0,0.7078686952590942,True,六、大力开拓航空物流新兴业态,（四）提升服务管理水平
L2_Nbec5a9c5,L3_N18ada171,L3_Ne7b47d1e,推进跨境电商发展,优化口岸营商环境,0.14285714285714285,0.7129369378089905,True,六、大力开拓航空物流新兴业态,（四）提升服务管理水平
L2_Nbec5a9c5,L3_N640a2992,L3_N0f65b0c3,优化供应链管理,丰富货运参与主体,0.0,0.7193927764892578,True,六、大力开拓航空物流新兴业态,（三）提升货源组织能力。
L2_Nbec5a9c5,L3_N640a2992,L3_N65606e29,优化供应链管理,强化陆运集货网络,0.07142857142857142,0.7142577767372131,True,六、大力开拓航空物流新兴业态,（三）提升货源组织能力。
L2_Nbec5a9c5,L3_N640a2992,L3_Nd290d812,优化供应链管理,探索开展多式联运,0.0,0.7241562604904175,True,六、大力开拓航空物流新兴业态,（三）提升货源组织能力。
L2_Nbec5a9c5,L3_N640a2992,L3_N0362ceea,优化供应链管理,加快完善口岸功能,0.0,0.6445537209510803,True,六、大力开拓航空物流新兴业态,（四）提升服务管理水平
L2_Nbec5a9c5,L3_N640a2992,L3_Ne7b47d1e,优化供应链管理,优化口岸营商环境,0.15384615384615385,0.6723218560218811,True,六、大力开拓航空物流新兴业态,（四）提升服务管理水平
L2_Nbec5a9c5,L3_N0f65b0c3,L3_N65606e29,丰富货运参与主体,强化陆运集货网络,0.15384615384615385,0.88528972864151,True,（三）提升货源组织能力。,（三）提升货源组织能力。
L2_Nbec5a9c5,L3_N0f65b0c3,L3_Nd290d812,丰富货运参与主体,探索开展多式联运,0.07142857142857142,0.8797231912612915,True,（三）提升货源组织能力。,（三）提升货源组织能力。
L2_Nbec5a9c5,L3_N0f65b0c3,L3_N0362ceea,丰富货运参与主体,加快完善口岸功能,0.0,0.7447900176048279,True,（三）提升货源组织能力。,（四）提升服务管理水平
L2_Nbec5a9c5,L3_N0f65b0c3,L3_Ne7b47d1e,丰富货运参与主体,优化口岸营商环境,0.0,0.7265592217445374,True,（三）提升货源组织能力。,（四）提升服务管理水平
L2_Nbec5a9c5,L3_N65606e29,L3_Nd290d812,强化陆运集货网络,探索开展多式联运,0.06666666666666667,0.8638812303543091,True,（三）提升货源组织能力。,（三）提升货源组织能力。
L2_Nbec5a9c5,L3_N65606e29,L3_N0362ceea,强化陆运集货网络,加快完善口岸功能,0.0,0.6756390333175659,True,（三）提升货源组织能力。,（四）提升服务管理水平
L2_Nbec5a9c5,L3_N65606e29,L3_Ne7b47d1e,强化陆运集货网络,优化口岸营商环境,0.06666666666666667,0.6538730263710022,True,（三）提升货源组织能力。,（四）提升服务管理水平
L2_Nbec5a9c5,L3_Nd290d812,L3_N0362ceea,探索开展多式联运,加快完善口岸功能,0.0,0.7535378932952881,True,（三）提升货源组织能力。,（四）提升服务管理水平
L2_Nbec5a9c5,L3_Nd290d812,L3_Ne7b47d1e,探索开展多式联运,优化口岸营商环境,0.0,0.7300928235054016,True,（三）提升货源组织能力。,（四）提升服务管理水平
L2_Nbec5a9c5,L3_N0362ceea,L3_Ne7b47d1e,加快完善口岸功能,优化口岸营商环境,0.14285714285714285,0.9183193445205688,True,（四）提升服务管理水平,（四）提升服务管理水平
L3_N18ada171,L4_N550ed6ca,L4_Nb6b0ce83,推进跨境电商产业园区建设,加快建设跨境电商产业集群,0.5,0.9597207903862,True,六、大力开拓航空物流新兴业态 > （二）积极推进跨境电商发展,六、大力开拓航空物流新兴业态 > （二）积极推进跨境电商发展
L3_N18ada171,L4_N550ed6ca,L4_N5e94e625,推进跨境电商产业园区建设,推动跨境电商企业数字化转型,0.3157894736842105,0.9541736841201782,True,六、大力开拓航空物流新兴业态 > （二）积极推进跨境电商发展,六、大力开拓航空物流新兴业态 > （二）积极推进跨境电商发展
L3_N18ada171,L4_Nb6b0ce83,L4_N5e94e625,加快建设跨境电商产业集群,推动跨境电商企业数字化转型,0.25,0.9478225708007812,True,六、大力开拓航空物流新兴业态 > （二）积极推进跨境电商发展,六、大力开拓航空物流新兴业态 > （二）积极推进跨境电商发展
L3_Nd290d812,L4_N3ac13c17,L4_Na35280bb,探索异地货站模式,构建多式联运物流网络,0.058823529411764705,0.7461385130882263,True,（三）提升货源组织能力。 > 2.强化陆运集货网络。,二、重点工作任务 > （三）加强市场推介和招商，大力拓展货源
L1_N6749bde4,L2_N9e86e873,L2_Nbde783bd,提升空港口岸作业效率,优化航空口岸服务环境,0.17647058823529413,0.697901725769043,True,,
L1_N6749bde4,L2_N9e86e873,L2_N0109e16a,提升空港口岸作业效率,优化拓展航空口岸服务功能,0.15789473684210525,0.6559534668922424,True,,
L1_N6749bde4,L2_N9e86e873,L2_N227589e0,提升空港口岸作业效率,提升口岸服务效能,0.38461538461538464,0.6696411371231079,True,,
L1_N6749bde4,L2_Nbde783bd,L2_N0109e16a,优化航空口岸服务环境,优化拓展航空口岸服务功能,0.5714285714285714,0.8567988872528076,True,,
L1_N6749bde4,L2_Nbde783bd,L2_N227589e0,优化航空口岸服务环境,提升口岸服务效能,0.2857142857142857,0.7836903929710388,True,,
L1_N6749bde4,L2_N0109e16a,L2_N227589e0,优化拓展航空口岸服务功能,提升口岸服务效能,0.3333333333333333,0.7413290143013,True,,
L2_Nbde783bd,L3_N792037db,L3_N7e9ff5f6,优化简化货物安检流程,提升航空口岸便利化水平,0.05263157894736842,0.7614383697509766,True,（五）营造宜商宜业环境,二、重点工作任务
L2_N0109e16a,L3_N8283673b,L3_N53ff6178,丰富航空口岸功能,提高口岸通关便利化水平,0.11764705882352941,0.8102090954780579,True,（二）优化航空口岸服务环境,七、优化拓展天津航空口岸服务功能
L2_N0109e16a,L3_N8283673b,L3_N4b540045,丰富航空口岸功能,加快大通关基地建设运营,0.0,0.7737630605697632,True,（二）优化航空口岸服务环境,七、优化拓展天津航空口岸服务功能
L2_N0109e16a,L3_N8283673b,L3_N687ce4fc,丰富航空口岸功能,推动口岸和综合保税区功能融合,0.25,0.809829831123352,True,（二）优化航空口岸服务环境,
L2_N0109e16a,L3_N53ff6178,L3_N4b540045,提高口岸通关便利化水平,加快大通关基地建设运营,0.1,0.9300639629364014,True,七、优化拓展天津航空口岸服务功能,七、优化拓展天津航空口岸服务功能
L2_N0109e16a,L3_N53ff6178,L3_N687ce4fc,提高口岸通关便利化水平,推动口岸和综合保税区功能融合,0.09523809523809523,0.9261071085929871,True,七、优化拓展天津航空口岸服务功能,
L2_N0109e16a,L3_N4b540045,L3_N687ce4fc,加快大通关基地建设运营,推动口岸和综合保税区功能融合,0.0,0.8991559147834778,True,七、优化拓展天津航空口岸服务功能,
L3_N4b540045,L4_N8648b9f1,L4_N5edfd835,突破传统监管模式,实行一站式通关作业模式,0.125,0.930583655834198,True,七、优化拓展天津航空口岸服务功能 > （二）加快大通关基地建设运营,七、优化拓展天津航空口岸服务功能 > （二）加快大通关基地建设运营
L3_N4b540045,L4_N8648b9f1,L4_Nfb48b97b,突破传统监管模式,强化大通关基地与自贸试验区机场片区联动发展,0.0,0.910315752029419,True,七、优化拓展天津航空口岸服务功能 > （二）加快大通关基地建设运营,七、优化拓展天津航空口岸服务功能 > （二）加快大通关基地建设运营
L3_N4b540045,L4_N5edfd835,L4_Nfb48b97b,实行一站式通关作业模式,强化大通关基地与自贸试验区机场片区联动发展,0.07407407407407407,0.9003023505210876,True,七、优化拓展天津航空口岸服务功能 > （二）加快大通关基地建设运营,七、优化拓展天津航空口岸服务功能 > （二）加快大通关基地建设运营
L2_N227589e0,L3_N42402ab1,L3_Nce212504,提升口岸通关便利化水平,提升口岸通关便利化,0.8181818181818182,0.9511855244636536,True,（五）营造宜商宜业环境,（二）优化航空口岸服务环境
L1_N8e29a85d,L2_N649ec6c7,L2_Na5b73aaf,做好货物运输保障,推动区港联动发展,0.0,0.47990113496780396,True,,
L1_N8e29a85d,L2_N649ec6c7,L2_Nd825449f,做好货物运输保障,延伸产业丰富业态,0.0,0.32273897528648376,True,,
L1_N8e29a85d,L2_Na5b73aaf,L2_Nd825449f,推动区港联动发展,延伸产业丰富业态,0.0,0.4045732319355011,True,,
L2_Na5b73aaf,L3_Nea04744e,L3_N724f0a0b,加强国际机场与周边区域联动,加强与重点产业园区对接,0.15789473684210525,0.8475844264030457,True,（六）推动区港联动发展,（六）推动区港联动发展
L2_Na5b73aaf,L3_Nea04744e,L3_N2c29b561,加强国际机场与周边区域联动,促进航空货运相关产业发展,0.0,0.8592854738235474,True,（六）推动区港联动发展,（六）推动区港联动发展
L2_Na5b73aaf,L3_Nea04744e,L3_Nc3d125b3,加强国际机场与周边区域联动,加强港区高效联动,0.3333333333333333,0.7985684871673584,True,（六）推动区港联动发展,（五）延伸产业丰富业态。
L2_Na5b73aaf,L3_N724f0a0b,L3_N2c29b561,加强与重点产业园区对接,促进航空货运相关产业发展,0.1,0.8655104637145996,True,（六）推动区港联动发展,（六）推动区港联动发展
L2_Na5b73aaf,L3_N724f0a0b,L3_Nc3d125b3,加强与重点产业园区对接,加强港区高效联动,0.2,0.8610506653785706,True,（六）推动区港联动发展,（五）延伸产业丰富业态。
L2_Na5b73aaf,L3_N2c29b561,L3_Nc3d125b3,促进航空货运相关产业发展,加强港区高效联动,0.0,0.7685429453849792,True,（六）推动区港联动发展,（五）延伸产业丰富业态。
L2_Nd825449f,L3_N97559905,L3_Nd93e3e25,延伸航空物流链条,发展临空经济等业态,0.06666666666666667,0.5922421216964722,True,（五）延伸产业丰富业态。,二、重点工作任务
L3_Nd93e3e25,L4_N40dd5439,L4_Nc28ba84f,建立健全中转物流链,支持飞机维修产业加快发展,0.0,0.8880376815795898,True,,二、重点工作任务 > （五）发展临空经济等业态
L1_N05f93386,L2_Ne1879105,L2_Nfdcfd3c4,提升枢纽智慧化水平,智慧货运高效管理,0.13333333333333333,0.5134331583976746,True,,
L2_Nfdcfd3c4,L3_N09522c48,L3_Nfc162f8c,推进智慧平台建设,加强新兴技术应用,0.0,0.8857023119926453,True,（四）智慧货运高效管理。,（四）智慧货运高效管理。
L2_Nfdcfd3c4,L3_N09522c48,L3_N70eeee1d,推进智慧平台建设,提升运营管理能力,0.0,0.8664568066596985,True,（四）智慧货运高效管理。,（四）智慧货运高效管理。
L2_Nfdcfd3c4,L3_N09522c48,L3_Ne42076c0,推进智慧平台建设,货运信息化发展,0.0,0.8830339312553406,True,（四）智慧货运高效管理。,（四）智慧货运高效管理。
L2_Nfdcfd3c4,L3_Nfc162f8c,L3_N70eeee1d,加强新兴技术应用,提升运营管理能力,0.0,0.8631970882415771,True,（四）智慧货运高效管理。,（四）智慧货运高效管理。
L2_Nfdcfd3c4,L3_Nfc162f8c,L3_Ne42076c0,加强新兴技术应用,货运信息化发展,0.0,0.8869901895523071,True,（四）智慧货运高效管理。,（四）智慧货运高效管理。
L2_Nfdcfd3c4,L3_N70eeee1d,L3_Ne42076c0,提升运营管理能力,货运信息化发展,0.07142857142857142,0.8730179071426392,True,（四）智慧货运高效管理。,（四）智慧货运高效管理。
L3_N09522c48,L4_N96f6c2a8,L4_Ne55e384d,构建智慧航空物流综合服务平台,统筹单据电子化和标准化建设,0.041666666666666664,0.8356022238731384,True,（四）智慧货运高效管理。 > 1.推进智慧平台建设。,（四）智慧货运高效管理。 > 1.推进智慧平台建设。
L3_Ne42076c0,L4_N6e9da33c,L4_Nea0a385e,航空货运全流程定位追踪,货物状态可视化,0.058823529411764705,0.8705192804336548,True,（四）智慧货运高效管理。 > 2.加强新兴技术应用,（四）智慧货运高效管理。 > 2.加强新兴技术应用
L3_Ne42076c0,L4_N6e9da33c,L4_N6b11fc79,航空货运全流程定位追踪,打造航空货运社区,0.26666666666666666,0.8565866947174072,True,（四）智慧货运高效管理。 > 2.加强新兴技术应用,（四）智慧货运高效管理。 > 3.提升运营管理能力。
L3_Ne42076c0,L4_Nea0a385e,L4_N6b11fc79,货物状态可视化,打造航空货运社区,0.07142857142857142,0.8238927721977234,True,（四）智慧货运高效管理。 > 2.加强新兴技术应用,（四）智慧货运高效管理。 > 3.提升运营管理能力。
L1_Nb2e2f536,L2_Na75f0b05,L2_Nc8ab6162,提升枢纽绿色化水平,提高智慧韧性水平,0.21428571428571427,0.44646984338760376,True,,
L2_Nc8ab6162,L3_N1b187997,L3_Nbf5cb6ef,提升航空货运智慧化水平,提升航空货运安全韧性水平,0.5333333333333333,0.9407474994659424,True,（七）提高智慧韧性水平,（七）提高智慧韧性水平
